ISOCODE,UNSDCODE,COUNTRY,CIESINCODE,Y1997TCC,Y1998TCC,Y1999TCC,Y2000TCC,Y2001TCC,Y2002TCC,Y2003TCC,Y2004TCC,Y2005TCC,Y2006TCC,Y2007TCC,Y2008TCC,Y2009TCC,Y2010TCC,Y2011TCC,Y2012TCC,Y2013TCC,Y2014TCC,Y2015TCC,AVERAGE
AFG,4,Afghanistan,4,0.00,0.00,0.00,0.00,0.00,0.00,0.00,0.00,0.00,0.00,0.00,0.00,0.00,0.00,0.00,0.00,0.00,0.00,0.00,0.00
ALB,8,Albania,8,0.00,0.00,0.00,0.00,0.00,0.00,0.00,0.00,0.00,0.00,0.00,0.00,0.00,0.00,0.00,0.00,0.00,0.00,0.00,0.00
DZA,12,Algeria,12,0.00,0.00,0.00,0.00,0.00,0.00,0.00,0.00,0.00,0.00,0.00,0.00,0.00,0.00,0.00,0.00,0.00,0.00,0.00,0.00
ASM,16,American Samoa,16,0.00,0.00,0.00,0.00,0.00,0.00,0.00,0.00,0.00,0.00,0.00,0.00,0.00,0.00,0.00,0.00,0.00,0.00,0.00,0.00
AGO,24,Angola,24,"83,782.68","1,149,497.40","37,607.35","489,481.41","2,836,261.63","1,851,611.99","1,339,433.29","377,694.93","3,280,891.27","3,126,101.23","1,045,652.57","1,624,515.02","2,165,217.11","1,596,058.08","1,847,020.53","1,211,213.68","1,690,225.65","2,018,999.29","1,074,629.70","1,518,204.99"
ATG,28,Antigua and Barbuda,28,0.00,0.00,0.00,0.00,0.00,0.00,0.00,0.00,0.00,0.00,0.00,0.00,0.00,0.00,0.00,0.00,0.00,0.00,0.00,0.00
AZE,31,Azerbaijan,31,0.00,0.00,0.00,0.00,0.00,0.00,0.00,0.00,0.00,0.00,0.00,0.00,0.00,0.00,0.00,0.00,0.00,0.00,0.00,0.00
ARG,32,Argentina,32,"21,936.44","57,487.13","56,013.55","32,350.83","18,556.04","6,573.80","26,837.67","15,132.33","16,482.59","39,194.74","14,821.36","57,878.28","96,129.81","95,082.95","19,029.83","33,382.85","752,430.34","12,193.26","5,106.00","72,453.67"
AUS,36,Australia,36,"44,712.07","107,498.49","325,894.83","432,966.39","395,323.81","387,969.36","1,022,421.99","223,444.86","295,238.11","284,221.31","95,001.17","304,177.07","1,155,592.13","30,558.78","262,665.17","214,693.24","559,224.98","351,670.44","754,393.38","381,456.19"
AUT,40,Austria,40,0.00,0.00,0.00,0.00,0.00,0.00,0.00,0.00,0.00,0.00,0.00,0.00,0.00,0.00,0.00,0.00,0.00,0.00,0.00,0.00
BHS,44,Bahamas,44,0.00,0.00,0.00,0.00,0.00,0.00,0.00,0.00,0.00,0.00,0.00,0.00,0.00,0.00,0.00,0.00,0.00,0.00,0.00,0.00
BHR,48,Bahrain,48,0.00,0.00,0.00,0.00,0.00,0.00,0.00,0.00,0.00,0.00,0.00,0.00,0.00,0.00,0.00,0.00,0.00,0.00,0.00,0.00
BGD,50,Bangladesh,50,847.15,"82,700.89","531,637.79","120,757.15","44,875.30",0.00,0.00,0.00,0.00,"28,148.75","4,654.15",590.40,"50,203.76",0.00,389.31,"2,376.76","21,841.19","15,331.54","5,861.81","47,906.10"
ARM,51,Armenia,51,0.00,0.00,0.00,0.00,0.00,0.00,0.00,0.00,0.00,0.00,0.00,0.00,0.00,0.00,0.00,0.00,0.00,0.00,0.00,0.00
BRB,52,Barbados,52,0.00,0.00,0.00,0.00,0.00,0.00,0.00,0.00,0.00,0.00,0.00,0.00,0.00,0.00,0.00,0.00,0.00,0.00,0.00,0.00
BEL,56,Belgium,56,0.00,0.00,0.00,0.00,0.00,0.00,0.00,0.00,0.00,0.00,0.00,0.00,0.00,0.00,0.00,0.00,0.00,0.00,0.00,0.00
BMU,60,Bermuda,60,0.00,0.00,0.00,0.00,0.00,0.00,0.00,0.00,0.00,0.00,0.00,0.00,0.00,0.00,0.00,0.00,0.00,0.00,0.00,0.00
BTN,64,Bhutan,64,0.00,0.00,0.00,0.00,0.00,0.00,0.00,0.00,0.00,0.00,0.00,0.00,0.00,0.00,0.00,0.00,0.00,0.00,0.00,0.00
BOL,68,Bolivia (Plurinational State of),68,"393,371.97","461,930.92","6,245,131.68","1,433,538.39","118,391.86","380,090.04","205,795.57","13,525,255.77","3,105,898.32","700,383.61","2,466,026.57","835,187.99","81,259.43","12,660,674.80","3,468,830.78","864,271.98","190,588.19","348,176.20","498,738.38","2,525,449.60"
BIH,70,Bosnia and Herzegovina,70,0.00,0.00,0.00,0.00,0.00,0.00,0.00,0.00,0.00,0.00,0.00,0.00,0.00,0.00,0.00,0.00,0.00,0.00,0.00,0.00
BWA,72,Botswana,72,"362,882.04",102.82,232.82,"1,890.66","1,155.54","9,855.14","5,373.57",0.00,"5,125.60",0.00,200.87,0.00,0.00,12.60,402.39,5.57,"2,309.17",0.00,"13,253.07","21,200.10"
BRA,76,Brazil,76,"5,427,798.08","25,537,289.21","10,226,164.98","6,259,518.35","2,575,351.92","7,098,714.10","4,251,821.15","5,302,895.91","17,141,515.85","3,080,365.61","38,167,819.47","2,765,859.73","563,418.24","41,711,676.59","1,574,625.80","10,955,931.81","1,307,915.36","5,517,908.70","6,960,733.07","10,338,280.21"
BLZ,84,Belize,84,"1,641.37","38,780.54","2,228.45","92,861.04","4,559.90","2,766.09","26,855.30",72.13,"2,638.40",107.09,"41,950.81","3,174.27",798.28,0.00,"94,429.09",405.92,"11,036.77","5,754.86","12,073.32","18,007.03"
SLB,90,Solomon Islands,90,0.00,0.00,0.00,0.00,0.00,0.00,0.00,0.00,0.00,0.00,0.00,0.00,0.00,0.00,0.00,0.00,0.00,0.00,0.00,0.00
VGB,92,British Virgin Islands,92,0.00,0.00,0.00,0.00,0.00,0.00,0.00,0.00,0.00,0.00,0.00,0.00,0.00,0.00,0.00,0.00,0.00,0.00,0.00,0.00
BRN,96,Brunei Darussalam,96,154.57,"13,952.57",1.71,0.79,0.00,0.00,95.71,41.38,0.00,0.00,0.00,0.00,42.33,146.41,0.00,7.45,0.00,0.00,88.86,764.83
BGR,100,Bulgaria,100,0.00,0.00,0.00,0.00,0.00,0.00,0.00,0.00,0.00,0.00,0.00,0.00,0.00,0.00,0.00,0.00,0.00,0.00,0.00,0.00
MMR,104,Myanmar,104,"109,848.65","1,117,062.88","815,979.62","416,884.16","250,724.26","171,704.06","253,129.92","193,512.93","860,713.00","994,677.06","2,914,889.54","362,248.25","1,927,996.54","3,138,794.23","456,165.02","1,146,284.86","825,556.93","2,320,335.18","1,823,260.13","1,057,882.49"
BDI,108,Burundi,108,274.88,14.17,253.77,380.51,0.00,0.00,0.00,132.18,0.00,0.00,383.12,0.00,"1,356.45",986.03,0.00,"1,345.55",0.00,0.00,0.00,269.82
BLR,112,Belarus,112,0.00,0.00,0.00,0.00,0.00,0.00,0.00,0.00,0.00,0.00,0.00,0.00,0.00,0.00,0.00,0.00,0.00,0.00,0.00,0.00
KHM,116,Cambodia,116,"695,138.72","1,006,275.10","593,314.66","310,868.53","1,044,397.36","1,478,994.40","1,545,397.01","157,532.64","1,235,015.76","945,126.29","5,096,272.86","1,264,829.97","484,962.01","1,558,692.12","3,336,559.71","1,177,265.32","3,134,553.20","2,360,417.14","2,149,304.05","1,556,574.57"
CMR,120,Cameroon,120,"829,798.81","784,958.12","1,522,240.68","792,407.10","948,658.54","454,568.65","331,343.55","23,716.64","615,819.67","269,043.26","201,731.67","163,588.60","127,979.55","153,086.54","237,398.56","7,589.72","234,767.22","145,666.60","120,653.32","419,211.41"
CAN,124,Canada,124,0.00,0.00,0.00,0.00,0.00,0.00,2.11,30.61,63.70,25.63,0.04,44.80,0.00,0.00,0.00,5.87,0.00,0.00,0.00,9.09
CPV,132,Cape Verde,132,0.00,0.00,0.00,0.00,0.00,0.00,0.00,0.00,0.00,0.00,0.00,0.00,0.00,0.00,0.00,0.00,0.00,0.00,0.00,0.00
CYM,136,Cayman Islands,136,0.00,0.00,0.00,0.00,0.00,0.00,0.00,0.00,0.00,0.00,0.00,0.00,0.00,0.00,0.00,0.00,0.00,0.00,0.00,0.00
CAF,140,Central African Republic,140,"317,530.80","4,408,666.57","1,282,030.28","1,883,614.97","675,203.55","838,656.18","683,793.04","99,991.15","2,229,452.30","1,041,932.43","749,571.39","257,732.80","359,917.73","204,086.30","1,030,445.67","207,640.19","293,695.04","308,582.04","1,570,792.58","970,701.84"
LKA,144,Sri Lanka,144,87.09,73.94,374.92,43.27,343.19,48.56,"12,137.49","1,415.49",239.47,995.70,180.18,108.44,"14,042.72",28.31,507.35,584.02,0.00,443.42,16.43,"1,666.84"
TCD,148,Chad,148,0.00,0.00,0.00,0.00,0.00,0.00,0.00,0.00,0.00,0.00,0.00,0.00,0.00,0.00,0.00,0.00,0.00,0.00,0.00,0.00
CHL,152,Chile,152,0.00,0.00,0.00,0.00,0.00,0.00,0.00,0.00,0.00,0.00,0.00,0.00,0.00,0.00,0.00,0.00,0.00,0.00,0.00,0.00
CHN,156,China,156,"16,521.52","196,733.69","346,043.94","30,088.05","12,539.29","6,536.74","20,920.31","52,715.50","19,362.86","10,108.40","50,984.55","18,682.39","26,251.06","177,925.69","4,232.26","11,407.76","1,235.55","20,246.32","7,298.48","54,201.81"
TWN,158,Taiwan,158,0.00,0.00,0.00,0.00,0.00,0.00,0.00,0.00,0.00,0.00,0.00,0.00,0.00,0.00,0.00,0.00,0.00,0.00,0.00,0.00
COL,170,Colombia,170,"216,365.62","22,392.29","34,410.78","168,249.44","74,532.44","20,659.52","75,238.29","34,864.14","17,795.92","5,149.02","193,007.91","8,624.53","6,831.55","7,535.60","4,031.52","10,150.34","16,464.72","87,095.62","26,175.69","54,188.15"
COM,174,Comoros,174,0.00,0.00,0.00,0.00,0.00,0.00,0.00,0.00,0.00,0.00,0.00,0.00,0.00,0.00,0.00,0.00,0.00,0.00,0.00,0.00
MYT,175,Mayotte,175,0.00,0.00,0.00,0.00,0.00,0.00,0.00,0.00,0.00,0.00,0.00,0.00,0.00,0.00,0.00,0.00,0.00,0.00,0.00,0.00
COG,178,Congo,178,"3,122.21","4,182.20","6,892.27","20,075.18","184,621.64","49,258.84","19,777.11","12,956.31","20,356.44","33,828.82","3,432.37","12,664.01","9,895.12","20,729.80","38,884.51","50,926.01","72,594.10","30,926.90","19,842.05","32,366.63"
COD,180,Democratic Republic of the Congo,180,"3,853,938.82","3,104,558.43","1,467,891.00","4,517,389.01","6,235,394.17","7,949,904.41","3,215,477.91","996,247.45","4,720,076.85","4,965,762.03","2,036,777.08","4,919,791.38","3,323,526.40","4,471,643.95","4,105,662.90","1,711,369.91","4,756,277.30","4,107,103.69","4,545,682.79","3,947,603.97"
COK,184,Cook Islands,184,0.00,0.00,0.00,0.00,0.00,0.00,0.00,0.00,0.00,0.00,0.00,0.00,0.00,0.00,0.00,0.00,0.00,0.00,0.00,0.00
CRI,188,Costa Rica,188,22.62,384.53,7.19,19.99,"3,675.38","1,259.53",440.77,158.88,225.72,0.00,198.44,472.28,191.53,0.00,4.73,"2,646.67","1,367.60","2,170.48","7,765.84","1,105.90"
HRV,191,Croatia,191,0.00,0.00,0.00,0.00,0.00,0.00,0.00,0.00,0.00,0.00,0.00,0.00,0.00,0.00,0.00,0.00,0.00,0.00,0.00,0.00
CUB,192,Cuba,192,508.92,"4,144.90","20,354.03","6,328.26","1,788.56","28,295.70",823.10,"1,918.49","8,886.48","4,102.81","2,349.69","1,687.29","9,665.67","2,715.55","21,131.23","1,300.07","5,864.57","38,385.55","23,182.28","9,654.38"
CYP,196,Cyprus,196,0.00,0.00,0.00,0.00,0.00,0.00,0.00,0.00,0.00,0.00,0.00,0.00,0.00,0.00,0.00,0.00,0.00,0.00,0.00,0.00
CZE,203,Czech Republic,203,0.00,0.00,0.00,0.00,0.00,0.00,0.00,0.00,0.00,0.00,0.00,0.00,0.00,0.00,0.00,0.00,0.00,0.00,0.00,0.00
BEN,204,Benin,204,0.52,0.25,7.72,0.20,0.00,0.00,0.00,0.00,0.00,0.00,0.00,0.00,0.00,0.00,0.00,0.00,0.00,0.00,0.00,0.46
DNK,208,Denmark,208,0.00,0.00,0.00,0.00,0.00,0.00,0.00,0.00,0.00,0.00,0.00,0.00,0.00,0.00,0.00,0.00,0.00,0.00,0.00,0.00
DMA,212,Dominica,212,0.00,0.00,0.00,0.00,0.00,0.00,0.00,0.00,0.00,0.00,0.00,0.00,0.00,0.00,0.00,0.00,0.00,0.00,0.00,0.00
DOM,214,Dominican Republic,214,219.20,579.39,167.56,"3,143.22","32,059.38",334.19,"2,078.80",0.00,"167,730.22",34.64,194.30,926.30,46.48,"1,396.89",914.25,10.13,"5,943.19","12,186.43","3,641.06","12,189.77"
ECU,218,Ecuador,218,77.01,72.61,68.07,"14,418.84","1,019.83",0.00,50.06,0.00,221.15,3.60,0.00,0.00,620.22,0.00,226.27,"5,083.93",0.00,0.00,"3,056.12","1,311.46"
SLV,222,El Salvador,222,13.31,18.50,12.36,23.37,49.03,21.13,48.36,0.80,27.50,0.03,0.00,2.51,14.71,0.00,0.00,133.64,"8,315.18",42.51,516.45,486.29
GNQ,226,Equatorial Guinea,226,0.00,0.00,0.00,0.00,0.00,0.00,0.00,0.00,0.00,0.00,0.00,0.00,0.00,0.00,0.00,0.00,0.00,0.00,0.00,0.00
ETH,231,Ethiopia,231,"100,989.54","265,928.37","281,808.96","368,853.91","215,214.79","444,153.55","374,272.96","65,613.62","730,426.32","132,802.44","263,528.23","128,688.32","145,235.97","195,611.61","152,673.63","231,978.26","153,000.58","228,805.06","276,189.23","250,303.97"
ERI,232,Eritrea,232,0.00,0.00,0.00,0.00,0.00,0.00,0.00,0.00,0.00,0.00,0.00,0.00,0.00,0.00,0.00,0.00,0.00,0.00,0.00,0.00
EST,233,Estonia,233,0.00,0.00,0.00,0.00,0.00,0.00,0.00,0.00,0.00,0.00,0.00,0.00,0.00,0.00,0.00,0.00,0.00,0.00,0.00,0.00
FRO,234,Faeroe Islands,234,0.00,0.00,0.00,0.00,0.00,0.00,0.00,0.00,0.00,0.00,0.00,0.00,0.00,0.00,0.00,0.00,0.00,0.00,0.00,0.00
FLK,238,Falkland Islands (Malvinas),238,0.00,0.00,0.00,0.00,0.00,0.00,0.00,0.00,0.00,0.00,0.00,0.00,0.00,0.00,0.00,0.00,0.00,0.00,0.00,0.00
FJI,242,Fiji,242,0.00,0.00,0.00,0.00,0.00,0.00,0.00,0.00,0.00,0.00,0.00,0.00,0.00,0.00,0.00,0.00,0.00,0.00,0.00,0.00
FIN,246,Finland,246,0.00,0.00,0.00,0.00,0.00,0.00,0.00,0.00,0.00,0.00,0.00,0.00,0.00,0.00,0.00,0.00,0.00,0.00,0.00,0.00
ALA,0,Åland Islands,248,0.00,0.00,0.00,0.00,0.00,0.00,0.00,0.00,0.00,0.00,0.00,0.00,0.00,0.00,0.00,0.00,0.00,0.00,0.00,0.00
FRA,250,France,250,0.00,0.00,0.00,0.00,0.00,0.00,0.00,0.00,0.00,0.00,0.00,0.00,0.00,0.00,0.00,0.00,0.00,0.00,0.00,0.00
GUF,254,French Guiana,254,"1,996.26",173.34,287.13,0.00,0.00,0.00,"1,940.17",0.00,589.02,138.25,19.58,"2,551.59",23.98,174.25,0.00,587.93,0.00,151.45,99.59,459.61
PYF,258,French Polynesia,258,0.00,0.00,0.00,0.00,0.00,0.00,0.00,0.00,0.00,0.00,0.00,0.00,0.00,0.00,0.00,0.00,0.00,0.00,0.00,0.00
DJI,262,Djibouti,262,0.00,0.00,0.00,0.00,0.00,0.00,0.00,0.00,0.00,0.00,0.00,0.00,0.00,0.00,0.00,0.00,0.00,0.00,0.00,0.00
GAB,266,Gabon,266,88.50,6.03,64.75,0.00,0.00,0.00,0.00,"2,729.47",0.00,0.00,0.00,434.00,0.00,0.00,"3,263.87",55.45,"2,795.80",0.00,0.00,496.73
GEO,268,Georgia,268,0.00,0.00,0.00,0.00,0.00,0.00,0.00,0.00,0.00,0.00,0.00,0.00,0.00,0.00,0.00,0.00,0.00,0.00,0.00,0.00
GMB,270,Gambia,270,210.63,452.73,12.15,676.83,"1,282.58","1,811.39","3,266.90",69.67,821.27,"2,490.01",0.00,"1,417.95",691.21,"3,734.32",0.00,268.36,7.05,"1,136.05",312.36,982.18
PSE,275,State of Palestine,275,0.00,0.00,0.00,0.00,0.00,0.00,0.00,0.00,0.00,0.00,0.00,0.00,0.00,0.00,0.00,0.00,0.00,0.00,0.00,0.00
DEU,276,Germany,276,0.00,0.00,0.00,0.00,0.00,0.00,0.00,0.00,0.00,0.00,0.00,0.00,0.00,0.00,0.00,0.00,0.00,0.00,0.00,0.00
GHA,288,Ghana,288,"3,008.61","32,264.12","52,618.70","312,372.85","47,251.11","53,417.73","86,499.99","5,702.48","95,898.71",0.00,"107,121.93","345,586.90","30,198.58","18,395.49","38,124.86","371,320.72","229,564.63","52,734.73","90,029.06","103,795.33"
KIR,296,Kiribati,296,0.00,0.00,0.00,0.00,0.00,0.00,0.00,0.00,0.00,0.00,0.00,0.00,0.00,0.00,0.00,0.00,0.00,0.00,0.00,0.00
GRC,300,Greece,300,0.00,0.00,0.00,0.00,0.00,0.00,0.00,0.00,0.00,0.00,0.00,0.00,0.00,0.00,0.00,0.00,0.00,0.00,0.00,0.00
GRL,304,Greenland,304,0.00,0.00,0.00,0.00,0.00,0.00,0.00,0.00,0.00,0.00,0.00,0.00,0.00,0.00,0.00,0.00,0.00,0.00,0.00,0.00
GRD,308,Grenada,308,0.00,0.00,0.00,0.00,0.00,0.00,0.00,0.00,0.00,0.00,0.00,0.00,0.00,0.00,0.00,0.00,0.00,0.00,0.00,0.00
GLP,312,Guadeloupe,312,0.00,0.00,0.00,0.00,0.00,0.00,0.00,0.00,0.00,0.00,0.00,0.00,0.00,0.00,0.00,0.00,0.00,0.00,0.00,0.00
GUM,316,Guam,316,0.00,0.00,0.00,0.00,0.00,0.00,0.00,0.00,0.00,0.00,0.00,0.00,0.00,0.00,0.00,0.00,0.00,0.00,0.00,0.00
GTM,320,Guatemala,320,"13,454.38","9,179,662.17","11,806.33","3,038,798.67","1,287.28","24,196.83","743,518.75","1,112.64","1,068,999.73","2,870.08","71,957.44","35,689.98","133,201.09","6,429.21","13,645.88","9,364.97","57,467.83","5,526.24","12,103.43","759,531.21"
GIN,324,Guinea,324,"34,476.41","1,111,644.47","211,535.69","92,711.46","155,686.67","133,782.15","70,293.93","9,193.95","28,579.05","34,223.14","159,927.75","20,027.30","76,490.26","57,657.36","73,871.96","105,423.24","99,259.78","146,598.25","40,273.81","140,087.19"
GUY,328,Guyana,328,"18,720.10","72,897.26",82.86,22.64,0.00,271.67,"1,103.27",0.00,"1,118.15",94.54,34.81,159.04,"2,962.86",415.07,4.85,91.66,119.69,"3,598.59","4,449.38","5,586.65"
HTI,332,Haiti,332,0.42,1.27,0.45,0.65,0.00,0.00,0.00,0.00,105.70,0.00,0.00,0.00,0.00,1.59,0.00,0.00,40.08,0.00,0.00,7.90
HND,340,Honduras,340,736.08,"1,447,696.55","1,698.55","24,100.32","3,882.70","1,158.69","125,238.96",292.19,"31,893.28","2,561.55","1,048.61","20,466.87","6,582.79","1,110.18","39,251.11",213.14,"8,989.78","11,328.12","7,772.70","91,369.59"
HKG,344,China Hong Kong Special Administrative Region,344,0.00,0.00,0.00,0.00,0.00,0.00,0.00,0.00,0.00,0.00,0.00,0.00,0.00,0.00,0.00,0.00,0.00,0.00,0.00,0.00
HUN,348,Hungary,348,0.00,0.00,0.00,0.00,0.00,0.00,0.00,0.00,0.00,0.00,0.00,0.00,0.00,0.00,0.00,0.00,0.00,0.00,0.00,0.00
ISL,352,Iceland,352,0.00,0.00,0.00,0.00,0.00,0.00,0.00,0.00,0.00,0.00,0.00,0.00,0.00,0.00,0.00,0.00,0.00,0.00,0.00,0.00
IND,356,India,356,"14,341.06","122,905.16","393,267.35","107,899.14","34,135.97","11,712.19","13,754.30","11,957.53","2,356.38","727,304.99","197,255.35","14,222.49","451,128.36","523,559.59","2,401.83","72,064.44","33,608.82","132,983.87","172,242.30","159,952.69"
IDN,360,Indonesia,360,"75,906,772.31","2,672,364.19","766,043.10","388,418.15","296,375.10","8,503,073.96","628,162.16","3,444,972.20","1,278,305.80","11,488,011.26","256,636.97","116,096.84","4,682,310.12","18,721.22","886,029.30","932,378.89","1,520,214.26","4,836,656.20","9,402,199.86","6,738,091.68"
IRN,364,Iran (Islamic Republic of),364,0.00,0.00,0.00,0.00,0.00,0.00,0.00,0.00,0.00,0.00,0.00,0.00,0.00,0.00,0.00,0.00,0.00,0.00,0.00,0.00
IRQ,368,Iraq,368,0.00,0.00,0.00,0.00,0.00,0.00,0.00,0.00,0.00,0.00,0.00,0.00,0.00,0.00,0.00,0.00,0.00,0.00,0.00,0.00
IRL,372,Ireland,372,0.00,0.00,0.00,0.00,0.00,0.00,0.00,0.00,0.00,0.00,0.00,0.00,0.00,0.00,0.00,0.00,0.00,0.00,0.00,0.00
ISR,376,Israel,376,0.00,0.00,0.00,0.00,0.00,0.00,0.00,0.00,0.00,0.00,0.00,0.00,0.00,0.00,0.00,0.00,0.00,0.00,0.00,0.00
ITA,380,Italy,380,0.00,0.00,0.00,0.00,0.00,0.00,0.00,0.00,0.00,0.00,0.00,0.00,0.00,0.00,0.00,0.00,0.00,0.00,0.00,0.00
CIV,384,Côte d'Ivoire,384,"168,258.95","265,837.82","19,123.49","141,189.41","356,287.69","85,120.27","36,120.05","3,124.32","74,667.65","47,573.72","62,979.08","48,360.20","16,754.49","5,593.90","14,830.34","32,390.00","36,834.63","4,496.90","6,337.23","75,046.32"
JAM,388,Jamaica,388,0.48,1.06,0.34,0.79,0.00,0.00,5.30,0.00,0.00,74.16,0.00,0.00,71.45,59.58,0.00,0.00,0.00,0.00,0.00,11.22
JPN,392,Japan,392,0.00,0.00,0.00,0.00,0.00,0.00,0.00,0.00,0.00,0.00,0.00,0.00,0.00,0.00,0.00,0.00,0.00,0.00,0.00,0.00
KAZ,398,Kazakhstan,398,0.00,0.00,0.00,0.00,0.00,0.00,0.00,0.00,0.00,0.00,0.00,0.00,0.00,0.00,0.00,0.00,0.00,0.00,0.00,0.00
JOR,400,Jordan,400,0.00,0.00,0.00,0.00,0.00,0.00,0.00,0.00,0.00,0.00,0.00,0.00,0.00,0.00,0.00,0.00,0.00,0.00,0.00,0.00
KEN,404,Kenya,404,541.88,"1,237.59","75,942.46","216,209.74","1,107.11",452.42,"8,501.19",754.89,"14,576.15","4,180.66","7,576.59","4,772.11","24,736.11",9.31,"1,321.86","41,870.32","2,548.63",0.00,"29,985.34","22,964.44"
PRK,408,Democratic People's Republic of Korea,408,0.00,0.00,0.00,0.00,0.00,0.00,0.00,0.00,0.00,0.00,0.00,0.00,0.00,0.00,0.00,0.00,0.00,0.00,0.00,0.00
KOR,410,Republic of Korea,410,0.00,0.00,0.00,0.00,0.00,0.00,0.00,0.00,0.00,0.00,0.00,0.00,0.00,0.00,0.00,0.00,0.00,0.00,0.00,0.00
KWT,414,Kuwait,414,0.00,0.00,0.00,0.00,0.00,0.00,0.00,0.00,0.00,0.00,0.00,0.00,0.00,0.00,0.00,0.00,0.00,0.00,0.00,0.00
KGZ,417,Kyrgyzstan,417,0.00,0.00,0.00,0.00,0.00,0.00,0.00,0.00,0.00,0.00,0.00,0.00,0.00,0.00,0.00,0.00,0.00,0.00,0.00,0.00
LAO,418,Lao People's Democratic Republic,418,"95,048.37","1,536,155.38","415,282.09","307,361.59","6,422.60","159,039.73","29,997.51","19,367.80","133,957.36","119,102.38","497,954.71","51,012.75","297,899.78","1,393,425.51","47,289.72","218,644.89","277,176.77","266,977.51","242,638.11","321,829.19"
LBN,422,Lebanon,422,0.00,0.00,0.00,0.00,0.00,0.00,0.00,0.00,0.00,0.00,0.00,0.00,0.00,0.00,0.00,0.00,0.00,0.00,0.00,0.00
LSO,426,Lesotho,426,0.00,0.00,0.00,0.00,0.00,0.00,0.00,0.00,0.00,0.00,0.00,0.00,0.00,0.00,0.00,0.00,0.00,0.00,0.00,0.00
LVA,428,Latvia,428,0.00,0.00,0.00,0.00,0.00,0.00,0.00,0.00,0.00,0.00,0.00,0.00,0.00,0.00,0.00,0.00,0.00,0.00,0.00,0.00
LBR,430,Liberia,430,125.16,"390,612.07","26,996.13",144.66,"30,404.24",0.00,0.00,0.00,0.00,3.79,186.97,0.00,"40,212.43",0.00,0.00,257.97,0.00,"1,674.62","2,376.96","25,947.11"
LBY,434,Libya,434,0.00,0.00,0.00,0.00,0.00,0.00,0.00,0.00,0.00,0.00,0.00,0.00,0.00,0.00,0.00,0.00,0.00,0.00,0.00,0.00
LTU,440,Lithuania,440,0.00,0.00,0.00,0.00,0.00,0.00,0.00,0.00,0.00,0.00,0.00,0.00,0.00,0.00,0.00,0.00,0.00,0.00,0.00,0.00
LUX,442,Luxembourg,442,0.00,0.00,0.00,0.00,0.00,0.00,0.00,0.00,0.00,0.00,0.00,0.00,0.00,0.00,0.00,0.00,0.00,0.00,0.00,0.00
MDG,450,Madagascar,450,"52,463.12","16,226.05","6,245.08","85,628.67","344,760.67","28,713.62","18,539.49","18,313.05","114,527.69","37,900.25","54,727.50","27,697.09","136,354.63","127,050.46","69,995.76","52,256.10","118,431.72","55,725.85","51,356.07","74,574.36"
MWI,454,Malawi,454,"16,279.77","46,090.85","2,429.28",909.91,"7,149.29","17,204.31","39,750.54","1,180.79","72,453.94","2,717.30","2,397.25","32,886.01","7,717.23","61,905.50","85,048.79","85,003.46","38,610.48","20,105.71","91,425.19","33,224.50"
MYS,458,Malaysia,458,"44,271.53","643,164.36","3,390.14","3,601.40","1,544.36","43,725.99","30,815.80","13,112.94","27,612.04","4,163.06","6,305.21","2,990.24","34,399.56","76,267.18","6,704.60","3,309.08","10,108.43","102,320.24","21,369.95","56,798.74"
MDV,462,Maldives,462,0.00,0.00,0.00,0.00,0.00,0.00,0.00,0.00,0.00,0.00,0.00,0.00,0.00,0.00,0.00,0.00,0.00,0.00,0.00,0.00
MLI,466,Mali,466,0.00,0.00,0.00,0.00,0.00,0.00,0.00,0.00,0.00,0.00,0.00,0.00,0.00,0.00,0.00,0.00,0.00,0.00,0.00,0.00
MLT,470,Malta,470,0.00,0.00,0.00,0.00,0.00,0.00,0.00,0.00,0.00,0.00,0.00,0.00,0.00,0.00,0.00,0.00,0.00,0.00,0.00,0.00
MTQ,474,Martinique,474,0.00,0.00,0.00,0.00,0.00,0.00,0.00,0.00,0.00,0.00,0.00,0.00,0.00,0.00,0.00,0.00,0.00,0.00,0.00,0.00
MRT,478,Mauritania,478,0.00,0.00,0.00,0.00,0.00,0.00,0.00,0.00,0.00,0.00,0.00,0.00,0.00,0.00,0.00,0.00,0.00,0.00,0.00,0.00
MUS,480,Mauritius,480,0.00,0.00,0.00,0.00,0.00,0.00,0.00,0.00,0.00,0.00,0.00,0.00,0.00,0.00,0.00,0.00,0.00,0.00,0.00,0.00
MEX,484,Mexico,484,"137,871.40","6,566,490.33","74,667.79","154,349.67","82,842.14","103,919.37","1,442,550.75","1,054.20","124,562.00","337,813.79","290,739.52","188,545.04","287,323.36","72,240.16","461,053.64","42,430.47","508,071.51","11,776.79","97,544.22","578,202.43"
MNG,496,Mongolia,496,0.00,0.00,0.00,0.00,0.00,0.00,0.05,0.00,0.08,0.00,0.00,0.00,0.00,0.00,0.00,0.00,0.00,0.00,0.00,0.01
MDA,498,Republic of Moldova,498,0.00,0.00,0.00,0.00,0.00,0.00,0.00,0.00,0.00,0.00,0.00,0.00,0.00,0.00,0.00,0.00,0.00,0.00,0.00,0.00
MNE,499,Montenegro,499,0.00,0.00,0.00,0.00,0.00,0.00,0.00,0.00,0.00,0.00,0.00,0.00,0.00,0.00,0.00,0.00,0.00,0.00,0.00,0.00
MSR,500,Montserrat,500,0.00,0.00,0.00,0.00,0.00,0.00,0.00,0.00,0.00,0.00,0.00,0.00,0.00,0.00,0.00,0.00,0.00,0.00,0.00,0.00
MAR,504,Morocco,504,0.00,0.00,0.00,0.00,0.00,0.00,0.00,0.00,0.00,0.00,0.00,0.00,0.00,0.00,0.00,0.00,0.00,0.00,0.00,0.00
MOZ,508,Mozambique,508,"24,100.36","6,624.71","18,475.28","165,509.29","28,117.63","84,417.61","607,786.77","1,783.12","425,860.39","244,136.39","407,489.61","721,139.38","219,258.35","1,015,656.47","170,728.36","787,725.07","506,042.71","549,448.08","583,351.59","345,665.85"
OMN,512,Oman,512,0.00,0.00,0.00,0.00,0.00,0.00,0.00,0.00,0.00,0.00,0.00,0.00,0.00,0.00,0.00,0.00,0.00,0.00,0.00,0.00
NAM,516,Namibia,516,0.97,1.60,1.10,1.12,10.05,0.00,334.18,0.00,0.00,0.00,0.00,0.00,0.00,0.00,0.00,0.00,0.00,0.00,0.00,18.37
NRU,520,Nauru,520,0.00,0.00,0.00,0.00,0.00,0.00,0.00,0.00,0.00,0.00,0.00,0.00,0.00,0.00,0.00,0.00,0.00,0.00,0.00,0.00
NPL,524,Nepal,524,0.00,0.00,0.00,0.00,0.00,0.00,0.00,0.00,0.00,0.00,0.00,0.00,0.00,0.00,0.00,0.00,0.00,0.00,0.00,0.00
NLD,528,Netherlands,528,0.00,0.00,0.00,0.00,0.00,0.00,0.00,0.00,0.00,0.00,0.00,0.00,0.00,0.00,0.00,0.00,0.00,0.00,0.00,0.00
CUW,531,Curaçao,531,0.00,0.00,0.00,0.00,0.00,0.00,0.00,0.00,0.00,0.00,0.00,0.00,0.00,0.00,0.00,0.00,0.00,0.00,0.00,0.00
ABW,533,Aruba,533,0.00,0.00,0.00,0.00,0.00,0.00,0.00,0.00,0.00,0.00,0.00,0.00,0.00,0.00,0.00,0.00,0.00,0.00,0.00,0.00
SXM,534,Sint Maarten (Dutch part),534,0.00,0.00,0.00,0.00,0.00,0.00,0.00,0.00,0.00,0.00,0.00,0.00,0.00,0.00,0.00,0.00,0.00,0.00,0.00,0.00
BES,535,Bonaire Saint Eustatius and Saba,535,0.00,0.00,0.00,0.00,0.00,0.00,0.00,0.00,0.00,0.00,0.00,0.00,0.00,0.00,0.00,0.00,0.00,0.00,0.00,0.00
NCL,540,New Caledonia,540,0.00,0.00,0.00,0.00,0.00,0.00,0.00,0.00,0.00,0.00,0.00,0.00,0.00,0.00,0.00,0.00,0.00,0.00,0.00,0.00
VUT,548,Vanuatu,548,0.00,0.00,0.00,0.00,0.00,0.00,0.00,0.00,0.00,0.00,0.00,0.00,0.00,0.00,0.00,0.00,0.00,0.00,0.00,0.00
NZL,554,New Zealand,554,0.00,0.00,0.00,0.00,0.00,0.00,0.00,0.00,0.00,0.00,0.00,0.00,0.00,0.00,0.00,0.00,0.00,0.00,0.00,0.00
NIC,558,Nicaragua,558,210.01,"1,160,539.08",163.34,"1,700.60",217.17,582.20,"13,801.21",9.40,"2,368.36","2,103.48",15.81,"5,753.89","1,365.79","1,263.52","1,796.17",211.77,"19,095.10","4,583.15","3,498.45","64,172.55"
NER,562,Niger,562,0.00,0.00,0.00,0.00,0.00,0.00,0.00,0.00,0.00,0.00,0.00,0.00,0.00,0.00,0.00,0.00,0.00,0.00,0.00,0.00
NGA,566,Nigeria,566,"886,113.48","75,344.96","88,024.38","141,096.54","115,824.93","154,754.49","13,136.63",800.59,"211,634.99","19,974.81","45,520.25","49,068.63","22,822.76","36,524.33","15,610.11","4,219.91","6,908.37","29,157.08","57,109.30","103,876.13"
NIU,570,Niue,570,0.00,0.00,0.00,0.00,0.00,0.00,0.00,0.00,0.00,0.00,0.00,0.00,0.00,0.00,0.00,0.00,0.00,0.00,0.00,0.00
NFK,0,Norfolk Island,574,0.00,0.00,0.00,0.00,0.00,0.00,0.00,0.00,0.00,0.00,0.00,0.00,0.00,0.00,0.00,0.00,0.00,0.00,0.00,0.00
NOR,578,Norway,578,0.00,0.00,0.00,0.00,0.00,0.00,0.00,0.00,0.00,0.00,0.00,0.00,0.00,0.00,0.00,0.00,0.00,0.00,0.00,0.00
MNP,580,Northern Mariana Islands,580,0.00,0.00,0.00,0.00,0.00,0.00,0.00,0.00,0.00,0.00,0.00,0.00,0.00,0.00,0.00,0.00,0.00,0.00,0.00,0.00
FSM,583,Micronesia (Federated States of),583,0.00,0.00,0.00,0.00,0.00,0.00,0.00,0.00,0.00,0.00,0.00,0.00,0.00,0.00,0.00,0.00,0.00,0.00,0.00,0.00
MHL,584,Marshall Islands,584,0.00,0.00,0.00,0.00,0.00,0.00,0.00,0.00,0.00,0.00,0.00,0.00,0.00,0.00,0.00,0.00,0.00,0.00,0.00,0.00
PLW,585,Palau,585,0.00,0.00,0.00,0.00,0.00,0.00,0.00,0.00,0.00,0.00,0.00,0.00,0.00,0.00,0.00,0.00,0.00,0.00,0.00,0.00
PAK,586,Pakistan,586,0.00,0.00,0.00,0.00,0.00,0.00,0.00,0.00,0.00,0.00,0.00,0.00,0.00,0.00,0.00,0.00,0.00,0.00,0.00,0.00
PAN,591,Panama,591,0.78,1.65,3.53,"1,649.63",13.50,0.00,60.14,0.00,0.00,44.54,0.00,0.00,165.65,0.00,0.00,42.28,48.65,256.53,"1,251.10",186.21
PNG,598,Papua New Guinea,598,"3,054,852.77","13,815.05","29,264.19","133,839.68","55,564.36","354,054.55","530,775.74","1,249,097.99","73,809.92","221,749.51","24,908.30","102,901.74","117,236.77","89,473.38","18,518.47","29,492.43","68,473.02","257,557.32","1,082,717.75","395,163.31"
PRY,600,Paraguay,600,"46,683.24","50,037.22","800,929.94","438,799.44","270,975.48","955,878.49","402,248.31","56,078.09","880,540.78","214,607.59","3,348,913.03","19,834.23","31,172.31","90,213.84","137,334.94","36,888.58","245,834.03","63,904.59","7,726.47","426,242.14"
PER,604,Peru,604,"75,458.46","5,175.91","3,203.26","22,332.11",60.38,0.00,492.54,576.38,"44,085.95","1,272.35","5,287.31","2,162.00",444.04,"6,213.38","2,814.51","7,936.62","8,494.70","2,956.47","12,667.15","10,612.29"
PHL,608,Philippines,608,113.03,"1,221.74",142.98,191.10,94.34,"4,942.78",485.84,0.00,"3,124.82",128.63,308.43,75.50,484.72,"12,207.39",426.30,64.19,836.27,627.44,"1,572.47","1,423.58"
PCN,0,Pitcairn,612,0.00,0.00,0.00,0.00,0.00,0.00,0.00,0.00,0.00,0.00,0.00,0.00,0.00,0.00,0.00,0.00,0.00,0.00,0.00,0.00
POL,616,Poland,616,0.00,0.00,0.00,0.00,0.00,0.00,0.00,0.00,0.00,0.00,0.00,0.00,0.00,0.00,0.00,0.00,0.00,0.00,0.00,0.00
PRT,620,Portugal,620,0.00,0.00,0.00,0.00,0.00,0.00,0.00,0.00,0.00,0.00,0.00,0.00,0.00,0.00,0.00,0.00,0.00,0.00,0.00,0.00
GNB,624,Guinea-Bissau,624,"3,009.96",972.59,"104,189.14","11,172.67","12,453.02","16,938.51","6,332.98","6,488.97","5,694.39","16,424.78","5,410.37","3,270.94","10,502.91","2,978.88","20,907.11","2,486.88","10,179.57","9,189.44","12,826.66","13,759.46"
TLS,626,Timor-Leste,626,"48,057.29",112.60,"1,244.40","6,340.51","1,002.23","7,960.97",663.88,"5,410.75","5,291.49","7,598.94","2,530.28","1,492.82","5,452.15",0.00,706.09,"1,532.03",122.56,"5,382.86","1,335.13","5,380.89"
PRI,630,Puerto Rico,630,0.00,0.00,0.00,0.00,0.00,0.00,0.00,0.00,0.00,0.00,0.00,0.00,0.00,0.00,0.00,0.00,0.00,0.00,0.00,0.00
QAT,634,Qatar,634,0.00,0.00,0.00,0.00,0.00,0.00,0.00,0.00,0.00,0.00,0.00,0.00,0.00,0.00,0.00,0.00,0.00,0.00,0.00,0.00
REU,638,Réunion,638,0.00,0.00,0.00,0.00,0.00,0.00,0.00,0.00,0.00,0.00,0.00,0.00,0.00,0.00,0.00,0.00,0.00,0.00,0.00,0.00
ROU,642,Romania,642,0.00,0.00,0.00,0.00,0.00,0.00,0.00,0.00,0.00,0.00,0.00,0.00,0.00,0.00,0.00,0.00,0.00,0.00,0.00,0.00
RUS,643,Russian Federation,643,0.00,0.00,0.00,0.00,0.00,0.00,"108,217.75",25.14,310.48,660.79,659.72,11.30,0.00,0.00,0.00,"1,867.15",0.00,0.00,0.00,"5,881.70"
RWA,646,Rwanda,646,3.64,108.53,90.90,0.00,0.00,"9,236.19",506.13,0.00,0.00,380.60,0.00,0.00,0.00,"1,003.97",0.00,0.00,0.00,0.00,0.00,596.31
BLM,0,Saint-Barthelemy,652,0.00,0.00,0.00,0.00,0.00,0.00,0.00,0.00,0.00,0.00,0.00,0.00,0.00,0.00,0.00,0.00,0.00,0.00,0.00,0.00
SHN,654,Saint Helena,654,0.00,0.00,0.00,0.00,0.00,0.00,0.00,0.00,0.00,0.00,0.00,0.00,0.00,0.00,0.00,0.00,0.00,0.00,0.00,0.00
KNA,659,Saint Kitts and Nevis,659,0.00,0.00,0.00,0.00,0.00,0.00,0.00,0.00,0.00,0.00,0.00,0.00,0.00,0.00,0.00,0.00,0.00,0.00,0.00,0.00
AIA,660,Anguilla,660,0.00,0.00,0.00,0.00,0.00,0.00,0.00,0.00,0.00,0.00,0.00,0.00,0.00,0.00,0.00,0.00,0.00,0.00,0.00,0.00
LCA,662,Saint Lucia,662,0.00,0.00,0.00,0.00,0.00,0.00,0.00,0.00,0.00,0.00,0.00,0.00,0.00,0.00,0.00,0.00,0.00,0.00,0.00,0.00
SPM,666,Saint Pierre and Miquelon,666,0.00,0.00,0.00,0.00,0.00,0.00,0.00,0.00,0.00,0.00,0.00,0.00,0.00,0.00,0.00,0.00,0.00,0.00,0.00,0.00
VCT,670,Saint Vincent and the Grenadines,670,0.00,0.00,0.00,0.00,0.00,0.00,0.00,0.00,0.00,0.00,0.00,0.00,0.00,0.00,0.00,0.00,0.00,0.00,0.00,0.00
STP,678,Sao Tome and Principe,678,0.00,0.00,0.00,0.00,0.00,0.00,0.00,0.00,0.00,0.00,0.00,0.00,0.00,0.00,0.00,0.00,0.00,0.00,0.00,0.00
SAU,682,Saudi Arabia,682,0.00,0.00,0.00,0.00,0.00,0.00,0.00,0.00,0.00,0.00,0.00,0.00,0.00,0.00,0.00,0.00,0.00,0.00,0.00,0.00
SEN,686,Senegal,686,0.00,0.00,0.00,0.00,0.00,"40,594.69",0.00,0.00,0.00,0.00,265.65,0.00,"1,351.05",0.43,"23,008.78",0.00,0.00,0.00,"1,945.50","3,535.06"
SRB,688,Serbia,688,0.00,0.00,0.00,0.00,0.00,0.00,0.00,0.00,0.00,0.00,0.00,0.00,0.00,0.00,0.00,0.00,0.00,0.00,0.00,0.00
SYC,690,Seychelles,690,0.00,0.00,0.00,0.00,0.00,0.00,0.00,0.00,0.00,0.00,0.00,0.00,0.00,0.00,0.00,0.00,0.00,0.00,0.00,0.00
SLE,694,Sierra Leone,694,"14,927.14","2,839,062.90","317,420.64","314,655.31","158,706.26","49,515.34","182,204.69","16,362.14","7,514.43","20,068.04","95,720.57","23,455.13","57,556.43","9,143.22","28,549.42","60,787.52","129,823.81","283,471.89","48,410.01","245,123.94"
SGP,702,Singapore,702,0.00,0.00,0.00,0.00,0.00,0.00,0.00,0.00,0.00,0.00,0.00,0.00,0.00,0.00,0.00,0.00,0.00,0.00,0.00,0.00
SVK,703,Slovakia,703,0.00,0.00,0.00,0.00,0.00,0.00,0.00,0.00,0.00,0.00,0.00,0.00,0.00,0.00,0.00,0.00,0.00,0.00,0.00,0.00
VNM,704,Viet Nam,704,"9,616.12","260,776.18","53,526.34","30,156.77","22,786.22","289,200.78","182,563.32","387,285.79","344,445.83","39,800.18","270,145.55","8,496.08","281,102.90","138,920.27","143,405.73","216,739.05","57,793.94","128,711.94","121,554.77","157,211.99"
SVN,705,Slovenia,705,0.00,0.00,0.00,0.00,0.00,0.00,0.00,0.00,0.00,0.00,0.00,0.00,0.00,0.00,0.00,0.00,0.00,0.00,0.00,0.00
SOM,706,Somalia,706,0.00,0.00,0.00,0.00,0.00,0.00,0.00,0.00,0.00,0.00,0.00,0.00,0.00,0.00,0.00,0.00,0.00,0.00,0.00,0.00
ZAF,710,South Africa,710,546.73,"1,100.95",873.59,651.44,"21,656.90","1,422.47","39,431.48",295.79,671.89,"1,897.79","49,939.50","15,872.94",90.74,21.69,"5,502.74","12,210.22","1,795.34","5,053.25","17,454.80","9,288.96"
ZWE,716,Zimbabwe,716,"2,639.23","2,341.34","3,094.30",282.34,"11,752.49","13,825.69","22,965.00","5,026.87","25,277.35","6,733.99","40,999.65","101,144.23","17,423.14","33,171.08","57,564.78","25,510.09","20,408.64","14,343.75","120,883.29","27,651.96"
ESP,724,Spain,724,0.00,0.00,0.00,0.00,0.00,0.00,0.00,0.00,0.00,0.00,0.00,0.00,0.00,0.00,0.00,0.00,0.00,0.00,0.00,0.00
SSD,728,South Sudan,728,"10,461.55","223,979.62","190,771.80","203,150.29","121,732.97","193,510.54","91,186.74","17,133.42","246,128.81","97,940.55","300,071.21","60,539.11","630,471.07","361,049.48","181,877.51","144,778.99","74,313.57","77,496.22","121,623.63","176,221.95"
SDN,0,Sudan,729,0.70,"70,584.29",0.00,1.41,"4,620.72",0.00,0.00,"4,995.41","2,827.66",243.59,0.00,"6,512.84",0.00,0.00,23.58,0.00,0.00,9.09,0.00,"4,727.33"
ESH,732,Western Sahara,732,0.00,0.00,0.00,0.00,0.00,0.00,0.00,0.00,0.00,0.00,0.00,0.00,0.00,0.00,0.00,0.00,0.00,0.00,0.00,0.00
SUR,740,Suriname,740,210.77,"26,997.45",107.65,17.92,0.00,58.22,"1,220.74",280.10,1.95,112.82,62.66,"1,404.69","1,974.13",0.00,0.00,448.09,84.06,111.29,"1,491.28","1,820.20"
SJM,0,Svalbard and Jan Mayen Islands,744,0.00,0.00,0.00,0.00,0.00,0.00,0.00,0.00,0.00,0.00,0.00,0.00,0.00,0.00,0.00,0.00,0.00,0.00,0.00,0.00
SWZ,748,Swaziland,748,0.00,0.00,0.00,0.00,0.00,0.00,0.00,0.00,0.00,0.00,0.00,0.00,0.00,0.00,0.00,0.00,0.00,0.00,0.00,0.00
SWE,752,Sweden,752,0.00,0.00,0.00,0.00,0.00,0.00,0.00,0.00,0.00,0.00,0.00,0.00,0.00,0.00,0.00,0.00,0.00,0.00,0.00,0.00
CHE,756,Switzerland,756,0.00,0.00,0.00,0.00,0.00,0.00,0.00,0.00,0.00,0.00,0.00,0.00,0.00,0.00,0.00,0.00,0.00,0.00,0.00,0.00
SYR,760,Syrian Arab Republic,760,0.00,0.00,0.00,0.00,0.00,0.00,0.00,0.00,0.00,0.00,0.00,0.00,0.00,0.00,0.00,0.00,0.00,0.00,0.00,0.00
TJK,762,Tajikistan,762,0.00,0.00,0.00,0.00,0.00,0.00,0.00,0.00,0.00,0.00,0.00,0.00,0.00,0.00,0.00,0.00,0.00,0.00,0.00,0.00
THA,764,Thailand,764,"3,619.64","283,430.80","66,161.21","21,738.76","28,656.07","96,362.21","41,579.15","36,268.07","179,269.46","85,369.75","758,589.64","161,031.80","74,900.12","174,623.56","13,614.38","94,178.68","86,334.27","246,029.73","125,213.67","135,630.05"
TGO,768,Togo,768,0.00,"2,774.01",0.00,"8,545.70","5,059.25","4,888.96",0.00,0.00,443.20,990.28,0.00,"1,741.32",74.85,"2,222.63","14,632.89","1,083.64",0.00,222.00,0.00,"2,246.25"
TKL,772,Tokelau,772,0.00,0.00,0.00,0.00,0.00,0.00,0.00,0.00,0.00,0.00,0.00,0.00,0.00,0.00,0.00,0.00,0.00,0.00,0.00,0.00
TON,776,Tonga,776,0.00,0.00,0.00,0.00,0.00,0.00,0.00,0.00,0.00,0.00,0.00,0.00,0.00,0.00,0.00,0.00,0.00,0.00,0.00,0.00
TTO,780,Trinidad and Tobago,780,6.59,0.56,8.32,3.96,0.00,0.00,0.00,0.00,0.00,0.00,122.82,21.18,0.00,0.00,0.00,0.00,0.00,0.00,0.00,8.60
ARE,784,United Arab Emirates,784,0.00,0.00,0.00,0.00,0.00,0.00,0.00,0.00,0.00,0.00,0.00,0.00,0.00,0.00,0.00,0.00,0.00,0.00,0.00,0.00
TUN,788,Tunisia,788,0.00,0.00,0.00,0.00,0.00,0.00,0.00,0.00,0.00,0.00,0.00,0.00,0.00,0.00,0.00,0.00,0.00,0.00,0.00,0.00
TUR,792,Turkey,792,0.00,0.00,0.00,0.00,0.00,0.00,0.00,0.00,0.00,0.00,0.00,0.00,0.00,0.00,0.00,0.00,0.00,0.00,0.00,0.00
TKM,795,Turkmenistan,795,0.00,0.00,0.00,0.00,0.00,0.00,0.00,0.00,0.00,0.00,0.00,0.00,0.00,0.00,0.00,0.00,0.00,0.00,0.00,0.00
TCA,796,Turks and Caicos Islands,796,0.00,0.00,0.00,0.00,0.00,0.00,0.00,0.00,0.00,0.00,0.00,0.00,0.00,0.00,0.00,0.00,0.00,0.00,0.00,0.00
TUV,798,Tuvalu,798,0.00,0.00,0.00,0.00,0.00,0.00,0.00,0.00,0.00,0.00,0.00,0.00,0.00,0.00,0.00,0.00,0.00,0.00,0.00,0.00
UGA,800,Uganda,800,"49,418.69","130,976.60","85,676.40","19,312.83","166,814.52","124,154.12","117,323.70","65,069.48","403,335.25","33,387.31","58,524.70","12,168.45","70,417.52","47,328.69","30,654.40","208,037.38","67,225.04","50,076.62","29,958.90","93,150.56"
UKR,804,Ukraine,804,0.00,0.00,0.00,0.00,0.00,0.00,0.00,0.00,0.00,0.00,0.00,0.00,0.00,0.00,0.00,0.00,0.00,0.00,0.00,0.00
MKD,807,The former Yugoslav Republic of Macedonia,807,0.00,0.00,0.00,0.00,0.00,0.00,0.00,0.00,0.00,0.00,0.00,0.00,0.00,0.00,0.00,0.00,0.00,0.00,0.00,0.00
EGY,818,Egypt,818,0.00,0.00,0.00,0.00,0.00,0.00,0.00,0.00,0.00,0.00,0.00,0.00,0.00,0.00,0.00,0.00,0.00,0.00,0.00,0.00
GBR,826,United Kingdom of Great Britain and Northern Ireland,826,0.00,0.00,0.00,0.00,0.00,0.00,0.00,0.00,0.00,0.00,0.00,0.00,0.00,0.00,0.00,0.00,0.00,0.00,0.00,0.00
GGY,0,Guernsey,831,0.00,0.00,0.00,0.00,0.00,0.00,0.00,0.00,0.00,0.00,0.00,0.00,0.00,0.00,0.00,0.00,0.00,0.00,0.00,0.00
JEY,0,Jersey,832,0.00,0.00,0.00,0.00,0.00,0.00,0.00,0.00,0.00,0.00,0.00,0.00,0.00,0.00,0.00,0.00,0.00,0.00,0.00,0.00
IMN,833,Isle of Man,833,0.00,0.00,0.00,0.00,0.00,0.00,0.00,0.00,0.00,0.00,0.00,0.00,0.00,0.00,0.00,0.00,0.00,0.00,0.00,0.00
TZA,834,United Republic of Tanzania,834,"9,864.75","88,913.17","7,929.21","28,022.91","80,580.28","287,888.11","212,667.13","35,317.61","611,486.59","159,809.25","116,969.13","115,054.05","571,796.59","570,760.64","34,885.54","148,081.63","68,320.76","123,572.77","471,054.90","196,998.68"
USA,840,United States of America,840,0.00,0.00,0.00,0.00,0.00,0.00,0.00,0.00,0.00,0.00,3.44,0.00,0.00,0.00,0.00,0.00,0.00,0.00,0.00,0.18
VIR,850,United States Virgin Islands,850,0.00,0.00,0.00,0.00,0.00,0.00,0.00,0.00,0.00,0.00,0.00,0.00,0.00,0.00,0.00,0.00,0.00,0.00,0.00,0.00
BFA,854,Burkina Faso,854,0.00,0.00,0.00,0.00,0.00,0.00,0.00,0.00,0.00,0.00,0.00,0.00,0.00,0.00,0.00,0.00,0.00,0.00,0.00,0.00
URY,858,Uruguay,858,0.00,0.00,0.00,0.00,0.00,0.00,0.00,0.00,0.00,0.00,0.00,0.00,0.00,0.00,0.00,0.00,0.00,0.00,0.00,0.00
UZB,860,Uzbekistan,860,0.00,0.00,0.00,0.00,0.00,0.00,0.00,0.00,0.00,0.00,0.00,0.00,0.00,0.00,0.00,0.00,0.00,0.00,0.00,0.00
VEN,862,Venezuela (Bolivarian Republic of),862,"46,958.62","106,716.30","19,022.59","55,989.24","291,608.18","33,649.22","425,632.66","18,901.29","90,797.98","36,865.76","133,853.59","97,704.09","32,245.56","227,334.57","16,364.39","9,616.62","88,299.54","102,908.36","104,295.67","102,040.22"
WLF,876,Wallis and Futuna Islands,876,0.00,0.00,0.00,0.00,0.00,0.00,0.00,0.00,0.00,0.00,0.00,0.00,0.00,0.00,0.00,0.00,0.00,0.00,0.00,0.00
WSM,882,Western Samoa,882,0.00,0.00,0.00,0.00,0.00,0.00,0.00,0.00,0.00,0.00,0.00,0.00,0.00,0.00,0.00,0.00,0.00,0.00,0.00,0.00
YEM,887,Yemen,887,0.00,0.00,0.00,0.00,0.00,0.00,0.00,0.00,0.00,0.00,0.00,0.00,0.00,0.00,0.00,0.00,0.00,0.00,0.00,0.00
ZMB,894,Zambia,894,"75,468.23","12,619.65","44,635.97","388,767.12","368,049.61","439,567.13","662,250.26","489,088.57","563,456.86","745,263.75","337,526.65","710,055.51","601,412.92","816,411.13","891,818.23","416,260.15","723,108.88","633,300.00","612,038.32","501,636.79"
KOS,0,Kosovo,999,0.00,0.00,0.00,0.00,0.00,0.00,0.00,0.00,0.00,0.00,0.00,0.00,0.00,0.00,0.00,0.00,0.00,0.00,0.00,0.00
