UNSDCODE,COUNTRY,ISOCODE,CIESINCODE,country_pop,Y1997TCC,Y1998TCC,Y1999TCC,Y2000TCC,Y2001TCC,Y2002TCC,Y2003TCC,Y2004TCC,Y2005TCC,Y2006TCC,Y2007TCC,Y2008TCC,Y2009TCC,Y2010TCC,Y2011TCC,Y2012TCC,Y2013TCC,Y2014TCC,Y2015TCC
4,Afghanistan,AFG,4," 24,575,344 ",40.33,971.74,130.83,"11,668.26",412.90,"5,693.56","14,453.87","17,457.71",171.08,120.84,172.58,162.84,41.82,"1,303.08",98.16,99.38,188.67,105.95,8.68
8,Albania,ALB,8," 2,860,184 ",626.33,"1,239.21","4,366.41","74,042.36",360.02,5.47,802.90,400.51,470.34,85.32,"56,805.33","1,042.30",197.19,512.09,"3,730.72","11,621.36",41.99,40.23,97.49
12,Algeria,DZA,12," 35,389,932 ",718.83,"14,629.75","5,327.31","98,848.79","7,317.46","5,831.76","6,678.55","8,200.49","7,993.98","6,545.11","41,613.17","7,057.88","9,288.55","3,871.80","10,739.17","55,724.13","1,483.12","8,266.76","1,197.96"
16,American Samoa,ASM,16," 55,519 ",0.00,0.00,0.00,0.00,0.00,0.00,0.00,0.00,0.00,0.00,0.00,0.00,0.00,0.00,0.00,0.00,0.00,0.00,0.00
24,Angola,AGO,24," 21,352,999 ","22,130,225.65","32,840,008.36","30,610,691.31","33,683,685.50","38,200,235.97","30,342,057.56","31,571,334.26","16,390,232.68","33,186,237.23","34,177,168.74","29,672,072.55","32,045,509.67","34,153,900.16","34,457,089.71","35,253,787.14","27,677,262.06","28,624,256.23","30,020,666.05","27,176,420.16"
28,Antigua and Barbuda,ATG,28," 84,532 ",0.00,0.00,0.00,0.00,0.00,0.00,0.00,0.00,0.00,0.00,0.00,0.00,0.62,0.00,0.00,0.00,0.00,0.11,0.00
31,Azerbaijan,AZE,31," 8,882,022 ","3,115.50","38,685.22","12,643.73","9,111.75","29,931.92","20,648.27","32,506.55","114,597.60","18,894.16","90,572.90","14,999.51","5,475.68","5,007.74","43,748.12","19,691.00","5,354.30","10,444.03","1,738.37","75,879.23"
32,Argentina,ARG,32," 40,126,635 ","278,567.60","361,595.75","268,732.78","2,879,942.32","706,673.72","1,025,414.23","1,419,012.35","553,353.11","422,376.92","343,927.04","489,361.26","946,748.91","766,673.07","315,453.51","325,408.34","368,794.25","1,210,316.41","621,665.29","435,919.12"
36,Australia,AUS,36," 21,458,158 ","16,227,610.67","7,282,657.74","27,407,692.92","35,939,009.28","49,547,090.65","40,435,972.88","40,813,582.48","40,626,670.80","14,602,258.01","41,754,541.51","33,479,455.28","15,257,508.04","28,652,764.76","6,362,648.20","53,862,581.75","46,988,856.18","14,772,544.27","30,334,430.48","21,585,530.44"
40,Austria,AUT,40," 8,547,888 ",13.67,14.24,19.52,40.95,321.25,48.62,449.15,537.85,65.24,18.29,295.14,58.99,6.96,15.73,48.23,5.71,27.28,51.71,36.27
44,Bahamas,BHS,44," 351,461 ",266.02,"1,532.75",466.74,"1,295.04",796.91,"1,790.47",33.48,"1,340.57","1,072.66",969.29,"1,092.34","6,914.06","1,146.62",205.57,"6,263.80",670.53,"5,108.47",552.36,804.45
48,Bahrain,BHR,48," 1,222,856 ",0.03,0.95,0.61,0.01,0.00,0.00,0.00,0.00,0.00,0.00,0.16,0.00,0.00,0.02,0.00,0.00,0.00,0.00,0.00
50,Bangladesh,BGD,50," 139,128,789 ","7,830.20","107,295.13","577,935.12","170,739.78","67,951.10","2,776.12","30,541.57","1,769.64","168,370.90","63,347.88","43,707.52","9,102.87","73,975.68","5,307.94","3,687.49","11,691.18","38,901.17","34,201.58","13,524.27"
51,Armenia,ARM,51," 3,096,750 ",305.07,"2,819.14",191.56,"2,117.52","1,030.91",611.36,111.81,"2,922.07",512.65,"1,623.83",198.41,779.00,49.49,"10,320.45",387.90,353.30,"1,529.92",260.52,"1,071.40"
52,Barbados,BRB,52," 277,821 ",0.00,0.00,0.00,0.00,0.00,0.00,0.00,0.00,0.00,0.00,0.00,0.00,0.00,0.00,0.00,0.00,0.00,0.00,0.00
56,Belgium,BEL,56," 11,231,181 ",553.04,101.68,133.62,25.86,51.51,7.99,21.07,16.39,9.95,9.78,6.12,188.59,14.06,1.66,217.05,2.63,4.01,7.00,6.95
60,Bermuda,BMU,60," 64,237 ",0.00,0.00,0.00,0.00,0.00,0.00,0.00,0.00,0.00,0.00,0.00,0.00,0.00,0.00,0.00,0.00,0.00,0.00,0.00
64,Bhutan,BTN,64," 1,313,377 ",371.70,"1,044.79","10,308.44","1,873.97","3,098.94","2,224.40",240.08,"2,099.40",763.41,"1,397.11","15,606.59",486.96,"1,637.96","6,557.27",692.46,"5,418.60",251.29,"4,169.06","2,395.82"
68,Bolivia (Plurinational State of),BOL,68," 9,774,674 ","1,364,172.73","1,635,238.01","10,257,538.39","3,331,483.59","1,240,342.25","2,053,055.53","1,186,486.40","19,694,397.50","7,112,791.27","3,061,363.21","5,239,513.41","1,620,457.64","227,067.44","21,496,226.47","4,239,231.72","3,532,631.22","1,030,901.04","646,736.63","1,773,588.60"
70,Bosnia and Herzegovina,BIH,70," 3,773,916 ",581.67,"1,603.66","4,747.29","254,975.63","2,172.83",388.67,"67,458.00",250.54,743.06,"1,146.65","12,680.35","1,377.31",410.59,303.73,"2,025.79","26,369.83",161.24,415.88,"1,062.65"
72,Botswana,BWA,72," 1,923,834 ","4,104,554.60","1,306,706.83","1,188,594.79","3,067,214.31","2,589,594.63","2,462,358.20","383,894.29","797,804.32","695,906.61","2,837,263.39","1,018,223.14","6,106,576.43","935,339.64","5,501,261.02","8,129,661.49","1,971,009.15","1,176,554.68","1,409,429.33","580,262.58"
76,Brazil,BRA,76," 190,415,761 ","14,604,505.65","38,427,421.89","18,285,409.79","10,238,097.74","7,980,480.48","15,714,461.67","7,966,105.74","10,343,283.02","26,536,147.45","5,254,962.55","59,388,298.05","6,052,446.10","1,485,775.84","65,188,402.64","4,716,322.78","26,049,379.28","4,070,265.36","11,597,478.35","14,728,638.73"
84,Belize,BLZ,84," 353,866 ","4,853.07","70,071.35","5,166.00","124,360.53","6,226.10","4,397.37","41,098.92",520.60,"17,757.78","2,231.31","61,550.84","12,755.25","2,444.10","1,919.95","98,662.25",894.34,"20,012.85","7,367.37","15,468.88"
90,Solomon Islands,SLB,90," 528,216 ",24.28,7.43,0.36,0.22,2.38,21.90,14.27,21.57,4.12,4.31,8.38,6.06,1.72,18.24,1.29,3.16,29.91,6.14,2.50
92,British Virgin Islands,VGB,92," 33,099 ",0.00,0.00,0.00,0.00,0.00,0.00,0.00,0.00,0.00,0.00,0.00,0.00,0.14,0.00,0.00,0.00,0.14,0.00,0.00
96,Brunei Darussalam,BRN,96," 386,808 ",250.36,"18,774.26",8.21,3.57,5.90,157.66,325.50,169.13,12.07,0.91,1.11,9.56,93.85,264.09,8.30,19.42,2.64,15.52,152.92
100,Bulgaria,BGR,100," 7,373,879 ","2,561.95","5,714.15","3,147.92","139,964.43","115,784.24","2,661.75","4,797.59","31,341.33","7,696.17","28,613.16","25,990.11","10,285.96","2,370.81","8,075.75","8,821.33","80,221.63","15,359.44","2,657.66","3,824.16"
104,Myanmar,MMR,104," 52,274,945 ","1,226,765.53","2,617,737.01","2,096,478.43","1,101,430.52","946,412.33","597,856.40","1,818,409.41","1,156,843.58","3,669,985.58","4,098,340.39","7,710,730.56","2,115,965.05","3,969,438.58","6,106,028.09","1,219,043.83","2,611,276.34","1,784,950.58","4,619,583.87","3,880,725.66"
108,Burundi,BDI,108," 8,517,966 ","205,181.66","272,717.05","83,068.31","236,330.09","24,444.27","36,967.57","30,788.97","30,810.22","14,163.83","4,605.48","4,078.59","7,392.72","7,110.70","13,191.23","6,633.03","7,608.70","8,679.38","4,984.99","7,824.70"
112,Belarus,BLR,112," 9,260,762 ","2,011.80","1,622.71","131,273.00","16,440.94","5,288.42","111,937.69","1,957.97","1,041.03","1,695.94","12,399.43","2,823.30","4,053.33","3,829.27","1,787.33",974.16,880.48,"1,025.51","5,734.80","39,694.13"
116,Cambodia,KHM,116," 14,074,421 ","1,694,619.77","3,437,139.93","1,586,424.82","1,369,946.82","783,598.98","5,059,614.90","4,102,129.98","9,468,915.15","3,478,003.95","3,840,485.59","10,954,428.85","3,764,992.94","1,968,963.97","4,106,834.05","7,988,791.69","4,171,008.61","4,417,920.45","4,454,644.74","5,108,511.84"
120,Cameroon,CMR,120," 20,982,394 ","7,053,202.18","5,605,405.45","6,428,746.14","6,348,573.82","7,944,884.73","5,871,647.08","6,502,277.65","3,051,946.33","6,169,048.68","4,275,211.89","3,624,721.17","3,119,950.24","3,877,095.81","2,664,721.52","2,084,435.36","1,887,456.34","2,198,298.47","1,546,093.28","1,100,344.01"
124,Canada,CAN,124," 33,552,412 ","982,180.84","10,172,510.10","3,841,073.68","2,007,419.04","1,096,404.46","17,674,552.32","7,861,545.34","2,538,294.60","7,018,318.22","9,185,107.25","7,329,295.71","6,071,179.67","2,318,785.77","15,992,269.90","13,096,424.04","9,889,894.65","24,823,668.37","37,731,065.21","21,867,238.00"
132,Cape Verde,CPV,132," 491,875 ",0.00,0.00,0.00,0.00,0.00,0.00,0.00,0.00,0.00,0.00,0.00,0.00,0.00,0.00,0.00,0.00,0.00,0.00,0.00
136,Cayman Islands,CYM,136," 55,036 ",0.01,0.11,0.01,0.05,0.00,1.10,0.00,0.00,0.04,0.60,0.10,0.26,0.00,0.00,0.45,0.00,0.07,0.00,0.18
140,Central African Republic,CAF,140," 4,444,854 ","38,469,019.94","38,936,619.60","28,235,382.54","36,697,793.51","23,367,510.15","27,278,527.01","41,477,771.39","28,548,726.87","38,569,002.30","32,748,501.10","36,328,205.03","36,633,810.92","23,098,367.75","25,236,559.47","29,617,994.33","18,758,502.82","23,124,574.38","21,790,469.40","25,533,047.83"
144,Sri Lanka,LKA,144," 20,016,047 ","2,517.03","9,156.63","9,673.11","3,769.30","1,707.66","4,918.50","17,166.87","29,157.96","18,464.12","16,797.85","5,904.51","5,418.36","31,523.05","1,823.15","14,742.11","13,694.67","3,480.90","6,870.40","2,956.06"
148,Chad,TCD,148," 11,334,727 ","4,664,073.21","3,321,646.92","4,026,086.05","4,896,132.90","3,398,823.26","6,240,584.13","6,892,825.33","5,753,935.98","6,451,181.74","6,390,542.50","5,409,237.86","5,391,196.87","3,537,288.34","3,506,701.27","4,082,377.98","4,156,184.04","3,708,455.14","2,825,494.92","3,164,433.96"
152,Chile,CHL,152," 17,091,218 ","601,992.92","47,081.85","991,774.29","41,541.44","14,762.24","80,003.52","88,259.46","11,645.39","36,993.34","4,531.47","78,227.47","16,871.04","26,308.59","37,729.91","68,790.59","107,533.80","19,928.58","160,057.31","101,822.11"
156,China,CHN,156," 1,333,549,108 ","684,718.31","1,010,002.46","1,152,943.38","1,178,937.71","548,614.02","260,275.48","4,392,704.23","1,452,118.40","430,874.07","967,658.45","432,468.22","569,042.15","753,866.84","506,385.16","361,095.34","831,085.53","352,093.09","1,209,905.23","4,248,397.89"
158,Taiwan,TWN,158," 23,115,425 ","1,342.06",508.60,59.76,13.94,309.73,413.44,137.92,"1,807.24",216.90,320.73,198.91,253.99,299.80,183.71,260.65,299.95,246.80,662.14,415.50
170,Colombia,COL,170," 48,163,680 ","904,323.69","233,523.57","175,434.02","802,676.39","621,254.41","386,211.45","1,057,267.59","1,148,177.45","184,645.86","146,524.96","1,153,882.76","415,850.37","217,579.05","228,514.37","168,813.51","138,688.23","300,414.63","640,519.41","220,762.03"
174,Comoros,COM,174," 689,432 ",0.28,"1,625.84",0.24,0.19,42.60,2.27,95.53,430.36,179.46,34.67,339.49,275.62,48.89,113.92,125.08,240.83,248.08,80.75,73.25
175,Mayotte,MYT,175," 200,649 ",0.01,0.01,0.01,0.00,0.00,0.00,0.00,2.36,0.00,0.00,0.00,0.00,0.00,0.00,0.00,0.00,1.07,0.00,0.00
178,Congo,COG,178," 3,565,229 ","1,306,701.97","1,332,732.18","1,205,231.18","497,927.74","1,206,756.88","795,193.20","550,640.33","378,246.02","595,051.59","658,257.66","510,641.21","396,285.68","675,548.46","451,258.93","823,423.99","1,235,906.16","1,339,983.89","1,385,137.46","1,069,680.85"
180,Democratic Republic of the Congo,COD,180," 70,553,662 ","57,119,491.27","59,153,503.37","49,861,885.61","52,518,779.12","59,088,415.76","43,644,406.33","30,206,677.88","13,637,478.05","37,545,637.32","44,324,954.59","27,405,151.46","35,661,847.63","38,403,394.97","37,795,736.68","36,248,650.29","27,262,789.39","36,973,301.03","33,959,798.33","34,678,095.99"
184,Cook Islands,COK,184," 17,789 ",0.00,0.00,0.00,0.00,0.00,0.00,0.00,0.00,0.00,0.00,0.00,0.00,0.00,0.00,0.00,0.00,0.00,0.00,0.00
188,Costa Rica,CRI,188," 4,283,422 ","4,498.93","8,664.78","1,288.81","4,125.40","11,253.05","3,921.63","4,373.92","4,141.59","2,013.15","1,679.58","6,224.62","1,583.20","3,703.01","1,589.49","1,078.47","5,728.33","8,037.66","8,222.54","15,536.54"
191,Croatia,HRV,191," 4,404,328 ",602.01,"3,114.19",427.57,"108,486.79","2,496.04","1,437.75","2,579.40",561.24,"1,910.22",390.18,"7,102.94",881.90,"1,533.52",84.36,"3,149.50","6,572.35",45.07,192.57,840.25
192,Cuba,CUB,192," 11,165,731 ","21,449.60","35,397.25","51,284.09","36,872.54","9,701.75","36,360.45","13,005.27","46,636.91","50,767.78","67,398.19","31,516.97","15,016.07","55,632.58","18,069.11","67,508.33","23,883.66","25,611.72","51,961.21","60,586.38"
196,Cyprus,CYP,196," 1,111,066 ",1.37,9.81,5.07,16.74,53.49,34.24,196.12,152.84,14.19,1.51,31.62,27.38,0.23,5.63,4.51,28.04,31.53,4.20,2.29
203,Czech Republic,CZE,203," 10,600,264 ","1,528.81",533.62,397.17,593.10,430.00,43.58,202.06,280.42,83.12,61.75,66.62,839.41,169.74,104.69,71.31,40.62,48.51,59.39,261.72
204,Benin,BEN,204," 8,862,270 ","1,540,659.52","1,629,000.91","1,970,409.48","1,675,356.78","1,531,926.93","2,632,767.27","1,773,852.93","1,201,529.40","2,278,668.53","1,378,499.77","1,462,834.40","1,086,293.25","1,331,891.71","852,271.15","908,660.19","743,090.91","923,506.90","704,457.07","488,642.00"
208,Denmark,DNK,208," 5,594,552 ",217.08,11.06,31.69,8.46,79.90,91.51,68.91,326.60,22.96,257.72,5.40,61.46,25.87,7.33,3.05,7.61,19.38,29.99,18.67
212,Dominica,DMA,212," 71,317 ",0.00,0.00,0.00,0.00,0.00,0.00,0.00,0.00,0.00,0.00,0.00,0.00,0.00,0.00,0.00,0.00,0.00,0.00,0.00
214,Dominican Republic,DOM,214," 9,612,461 ","12,414.06","2,406.65","1,644.18","5,737.44","37,017.91","4,360.49","4,982.76",444.11,"180,396.06","1,343.79","2,975.75","3,727.32","1,265.51","8,355.82","4,613.44",841.58,"9,512.72","14,679.93","5,636.77"
218,Ecuador,ECU,218," 14,505,446 ","1,790.70",943.75,950.34,"213,605.24","4,208.61","1,487.29","1,624.38","2,329.20","9,586.35",750.97,"5,696.95","5,458.00","10,311.91",618.51,"1,909.86","8,603.34","16,567.11","2,548.31","4,497.06"
222,El Salvador,SLV,222," 5,919,600 ",353.83,905.71,495.03,"1,468.30",617.08,857.33,764.99,525.38,816.13,862.84,734.75,249.81,392.02,291.93,212.48,539.53,"10,100.79",778.18,"2,081.15"
226,Equatorial Guinea,GNQ,226," 1,844,130 ",64.92,922.95,135.81,23.71,"1,890.20",598.83,106.88,146.94,550.58,76.82,66.60,104.49,103.74,201.55,"1,031.66",201.65,"1,294.26",400.98,267.39
231,Ethiopia,ETH,231," 79,834,608 ","10,212,697.45","4,163,463.10","4,819,697.35","4,486,525.27","1,778,408.13","5,387,802.90","3,617,896.33","2,748,086.55","6,105,817.44","2,763,709.97","4,050,372.26","3,294,638.93","3,796,424.01","3,268,132.41","3,112,537.10","3,256,042.81","3,440,723.28","3,485,910.53","3,665,631.49"
232,Eritrea,ERI,232," 3,692,497 ","58,762.52","3,851.37","19,674.76","21,979.83","26,186.11","14,853.31","12,451.45","7,916.80","2,669.59","5,405.03","12,609.87","5,227.58","1,222.33","1,859.20","2,479.47","3,385.00","1,296.72","2,148.94","2,269.49"
233,Estonia,EST,233," 1,244,178 ","4,143.51",16.47,5.57,20.37,30.25,432.39,72.40,0.00,45.74,"1,013.13",8.16,342.91,1.80,16.87,6.68,0.09,26.65,25.87,20.53
234,Faeroe Islands,FRO,234," 48,568 ",0.00,0.00,0.00,0.00,0.00,0.00,0.00,0.00,0.00,0.00,0.00,0.00,0.00,0.00,0.00,0.00,0.00,0.00,0.00
238,Falkland Islands (Malvinas),FLK,238," 2,805 ",4.38,2.51,6.30,0.08,534.25,13.33,0.12,20.94,19.79,12.10,0.04,2.79,0.74,9.50,1.22,279.89,11.34,3.45,15.93
242,Fiji,FJI,242," 856,740 ",0.00,0.00,0.00,0.00,0.00,0.00,0.00,0.00,0.00,0.00,0.00,0.00,0.00,0.00,0.00,0.00,0.00,0.00,0.00
246,Finland,FIN,246," 5,325,219 ",390.99,429.45,74.76,97.43,74.38,87.78,86.55,12.00,100.72,142.27,12.72,74.14,13.55,12.25,45.87,13.78,58.20,9.29,8.27
248,Åland Islands,ALA,248," 28,147 ",0.00,0.00,0.00,0.00,0.00,0.00,0.00,0.00,0.00,0.00,0.00,0.00,0.00,0.00,0.00,0.00,0.00,0.00,0.00
250,France,FRA,250," 63,146,437 ","11,697.27","3,712.76","8,571.26","10,107.75","4,107.44","2,801.32","40,217.92","3,662.00","4,746.96",786.79,866.51,"4,888.07","4,683.12","1,843.16",805.72,"2,199.31","1,309.18","2,362.37","1,089.05"
254,French Guiana,GUF,254," 246,951 ","4,916.98",787.70,"1,890.05",1.10,"4,065.24",639.61,"3,341.73","1,326.96","1,836.18","1,198.32","1,213.51","5,022.79","2,256.74",750.52,116.65,"1,765.86",45.19,815.60,943.97
258,French Polynesia,PYF,258," 269,897 ",0.00,0.00,0.00,0.00,0.00,0.00,0.00,0.00,0.00,0.00,0.00,0.00,0.00,0.00,0.00,0.00,0.00,0.00,0.00
262,Djibouti,DJI,262," 836,254 ",0.55,45.54,64.98,0.08,11.12,0.00,9.74,0.09,8.83,0.53,0.00,0.07,0.00,0.69,0.72,1.09,1.05,12.56,0.13
266,Gabon,GAB,266," 2,117,537 ","265,775.90","98,797.69","273,204.79","145,844.48","830,191.70","370,295.34","47,246.50","75,846.66","38,534.54","98,549.42","82,109.91","60,956.85","116,111.28","62,925.36","98,425.37","308,476.47","249,741.67","198,196.87","124,077.68"
268,Georgia,GEO,268," 4,711,278 ",412.63,"8,063.39","1,429.99","1,056.29","10,151.07",736.24,986.62,"16,880.21","6,776.50","2,209.78","1,861.75","1,583.06",455.24,"2,594.02",963.22,581.82,796.78,"1,023.87","29,277.61"
270,Gambia,GMB,270," 1,442,426 ","50,440.52","15,396.08","11,130.45","17,507.24","26,461.14","31,321.87","14,166.31","33,647.14","25,146.66","32,538.31","15,348.94","16,010.41","14,558.54","16,827.73","17,652.50","11,221.03","13,932.84","10,492.90","5,912.21"
275,State of Palestine,PSE,275," 3,882,791 ",0.09,9.55,0.26,0.05,0.93,5.09,5.19,73.73,0.41,0.52,3.43,0.53,0.61,1.05,0.82,1.50,1.44,12.38,1.19
276,Germany,DEU,276," 81,093,453 ","12,248.19",906.17,"1,376.62",366.39,339.81,36.69,113.94,225.07,118.48,105.58,26.45,"2,560.32",69.32,71.28,104.99,123.08,125.88,141.87,812.65
288,Ghana,GHA,288," 25,239,486 ","3,389,398.00","6,879,440.37","3,296,464.97","4,818,975.60","4,227,750.13","5,239,355.77","6,204,666.18","2,584,538.69","5,963,324.79","5,497,810.80","4,634,915.23","4,927,380.18","4,048,475.33","3,087,624.68","4,234,619.52","4,270,345.50","4,764,670.84","3,400,859.31","4,713,599.57"
296,Kiribati,KIR,296," 103,058 ",0.00,0.00,0.00,0.00,0.00,0.00,0.00,0.00,0.00,0.00,0.00,0.00,0.00,0.00,0.00,0.00,0.00,0.00,0.00
300,Greece,GRC,300," 10,909,531 ","5,393.86","17,732.47","5,761.83","200,786.55","23,314.91","7,638.16","3,034.70","15,661.10","2,544.61","4,387.59","326,798.59","21,970.97","15,242.89","2,490.41","13,457.73","24,257.14","7,739.07","8,235.29","1,688.42"
304,Greenland,GRL,304," 56,356 ",0.04,125.65,0.05,0.62,0.99,1.42,0.68,0.00,0.00,0.00,0.02,0.03,0.50,0.00,0.05,0.39,0.00,0.22,2.59
308,Grenada,GRD,308," 101,974 ",0.03,0.01,0.04,0.01,0.00,0.00,0.58,0.00,0.00,0.00,0.16,0.46,0.00,3.82,0.00,0.00,0.00,0.00,0.24
312,Guadeloupe,GLP,312," 403,521 ",0.04,28.56,0.12,0.07,13.99,0.00,1.03,0.00,0.00,45.11,0.45,0.55,0.08,3.88,0.00,0.00,2.04,0.11,0.99
316,Guam,GUM,316," 159,358 ",0.00,1.46,0.00,0.00,0.00,0.00,0.00,0.00,0.00,0.00,0.00,0.00,0.00,0.00,0.00,0.00,0.00,0.00,0.00
320,Guatemala,GTM,320," 14,310,647 ","39,469.57","17,394,479.61","54,125.61","9,287,117.52","9,112.01","62,327.59","1,629,677.85","12,450.62","2,170,545.32","30,073.23","323,120.73","84,755.79","231,061.89","40,544.27","38,997.40","25,687.95","112,046.07","20,465.92","30,152.08"
324,Guinea,GIN,324," 9,605,636 ","2,619,433.70","7,512,869.70","2,908,629.88","2,431,594.92","2,466,116.29","5,204,745.18","2,042,791.08","2,050,618.96","2,377,896.34","2,253,897.86","1,843,404.55","3,043,440.18","2,506,948.21","1,612,044.94","1,635,834.61","2,343,128.84","2,363,200.37","1,802,942.09","1,268,171.21"
328,Guyana,GUY,328," 717,374 ","38,748.13","93,208.16","2,369.48",997.35,"6,619.42","6,114.74","31,500.17","8,254.58","13,093.28","6,277.99","7,910.02","4,960.28","10,945.58","2,602.40","1,667.11","8,704.42","4,940.37","15,241.84","48,636.16"
332,Haiti,HTI,332," 10,062,127 ",91.25,41.22,93.46,265.89,80.05,73.36,57.66,269.19,247.76,212.98,89.26,152.62,70.64,49.93,56.90,87.32,155.29,53.04,87.52
340,Honduras,HND,340," 8,051,227 ","75,693.92","2,053,744.45","12,430.23","84,468.50","16,900.78","8,271.54","335,418.62","2,734.41","162,735.02","31,906.23","17,731.48","39,192.58","25,344.47","10,107.34","74,237.42","4,101.29","32,682.31","41,239.07","18,460.01"
344,China Hong Kong Special Administrative Region,HKG,344," 7,002,579 ",7.15,18.18,0.60,0.08,0.00,0.67,6.44,16.76,1.06,32.75,4.90,16.73,13.27,14.18,1.70,0.99,5.03,0.03,5.68
348,Hungary,HUN,348," 9,884,697 ",492.71,286.81,273.51,"50,752.64","8,639.76","2,078.11","2,590.04","1,123.32","2,157.66",879.81,906.68,"1,431.00",833.20,102.20,496.75,"1,723.34",191.94,459.47,143.48
352,Iceland,ISL,352," 318,048 ",7.51,1.49,4.13,302.27,0.00,0.00,0.00,0.00,0.00,21.93,0.00,0.00,0.02,0.40,0.00,0.12,0.00,658.15,7.73
356,India,IND,356," 1,195,222,286 ","352,766.31","412,708.59","1,106,278.41","486,492.92","230,839.75","287,811.67","445,198.24","355,509.59","704,733.96","1,504,340.26","737,893.66","519,084.08","2,137,335.58","1,271,124.82","784,123.38","1,100,724.48","714,098.33","1,109,170.18","1,456,480.43"
360,Indonesia,IDN,360," 237,537,564 ","248,763,695.90","3,838,646.41","1,546,921.21","561,543.80","1,295,007.32","19,730,185.62","1,780,019.87","8,324,471.86","4,281,688.72","36,211,541.74","397,491.14","236,430.94","21,019,043.33","63,678.31","2,488,243.07","2,872,962.28","3,629,118.15","13,737,875.31","35,704,146.33"
364,Iran (Islamic Republic of),IRN,364," 74,800,937 ",447.09,"11,062.11",985.71,"13,728.05",869.54,"2,825.22","5,219.56","51,296.88","2,327.00","1,953.36","7,570.44","1,334.24","1,969.14","23,865.58",884.76,850.75,"1,456.80","2,216.07","5,510.37"
368,Iraq,IRQ,368," 32,319,336 ",286.79,"1,988.27",967.32,"7,063.53","3,277.18","3,392.27","1,127.75","8,749.79",170.30,191.48,640.27,"2,613.97","1,901.43","3,979.89","2,262.21",495.59,330.29,"1,645.66","10,442.99"
372,Ireland,IRL,372," 4,533,560 ",24.33,17.49,10.77,8.40,31.02,69.19,106.51,1.17,11.00,35.05,230.77,14.23,2.42,130.80,296.30,0.26,7.48,3.44,356.42
376,Israel,ISR,376," 7,819,258 ",135.84,805.53,378.88,233.50,76.74,155.81,60.02,142.85,73.86,88.77,125.65,10.12,35.79,367.61,36.93,7.03,66.54,13.15,14.64
380,Italy,ITA,380," 59,145,777 ","13,971.79","15,817.97","54,069.55","28,164.41","20,097.51","45,393.99","21,803.46","56,632.60","7,655.09","2,810.56","45,504.06","30,724.51","11,346.54","13,559.07","7,765.47","27,151.60","4,242.93","27,127.53","2,420.38"
384,Côte d'Ivoire,CIV,384," 20,487,256 ","1,947,497.39","5,500,551.50","4,582,015.80","2,517,679.07","2,553,279.35","4,167,418.27","2,595,883.85","969,038.40","2,471,484.88","2,445,234.46","1,967,944.26","2,133,768.80","1,849,479.57","1,162,782.04","1,571,684.03","1,118,579.62","1,529,584.76","728,411.31","979,201.59"
388,Jamaica,JAM,388," 2,688,729 ",19.97,83.97,75.53,124.40,24.57,158.88,210.71,72.44,383.53,317.42,15.19,66.43,494.73,531.10,112.26,50.55,273.96,134.81,145.68
392,Japan,JPN,392," 128,055,909 ","53,996.45","23,085.17","33,514.16","9,940.15","4,616.93","3,815.84","8,051.27","31,836.50","4,115.21","4,354.61","8,458.57","4,527.54","3,850.16","3,928.60","8,606.52","3,510.22","3,883.68","4,206.72","5,158.97"
398,Kazakhstan,KAZ,398," 16,423,490 ","3,981,687.91","1,094,693.62","310,647.05","1,606,150.49","1,848,939.20","8,456,778.48","2,117,061.24","2,453,197.24","3,693,249.44","3,862,209.68","2,246,061.93","2,617,292.52","973,389.81","3,383,453.19","928,096.38","1,645,186.95","166,335.14","2,141,235.29","2,719,384.96"
400,Jordan,JOR,400," 6,006,096 ",5.23,53.40,18.86,6.43,0.79,1.68,0.97,381.76,1.80,0.15,0.25,1.94,1.38,6.96,0.56,0.30,2.03,0.70,9.42
404,Kenya,KEN,404," 39,485,425 ","312,110.97","1,044,160.24","189,136.04","871,009.94","72,715.85","67,350.00","181,456.47","45,541.23","53,997.15","20,734.27","126,571.53","62,457.65","47,419.43","26,420.48","31,857.78","209,077.19","47,907.24","36,469.29","67,543.50"
408,Democratic People's Republic of Korea,PRK,408," 23,212,239 ","748,638.94","108,181.16","32,783.93","118,946.28","161,198.88","8,300.55","13,578.69","37,276.78","19,387.86","5,139.48","8,155.90","10,707.33","22,004.63",936.44,"27,540.09","5,453.91","1,370.75","16,541.43","10,887.33"
410,Republic of Korea,KOR,410," 47,864,790 ","47,582.45","14,151.72","20,193.77","114,694.39",960.78,"1,436.70",309.07,"9,215.05","1,814.03","1,242.03","1,291.44","1,159.62","1,085.53","1,010.86","1,766.26","1,129.22","1,997.36","2,455.88","3,067.32"
414,Kuwait,KWT,414," 2,565,552 ",15.61,94.12,24.54,12.78,56.46,218.48,7.52,"1,892.89",47.00,5.83,12.31,2.07,3.93,1.05,2.50,10.18,5.02,55.03,0.38
417,Kyrgyzstan,KGZ,417," 6,128,063 ","14,183.33","1,512.28","1,163.09","3,802.23","7,614.27","12,183.87","4,140.18","61,200.96","5,793.21","4,163.63","4,209.69","1,209.73","7,347.08",794.47,"12,281.99",336.03,966.03,"1,085.84","5,270.24"
418,Lao People's Democratic Republic,LAO,418," 6,414,043 ","267,498.59","2,499,367.75","1,019,388.44","818,246.88","125,333.55","438,927.25","435,498.67","154,704.18","1,140,189.82","575,269.26","1,463,440.27","231,919.54","658,604.98","2,329,898.51","166,822.07","607,932.20","601,731.10","803,764.72","524,805.41"
422,Lebanon,LBN,422," 5,913,842 ",1.92,19.87,7.70,0.57,7.40,111.46,12.82,522.49,2.20,210.03,81.29,1.48,11.13,18.86,7.60,5.14,23.39,7.06,8.30
426,Lesotho,LSO,426," 1,633,171 ","11,817.00","84,505.99","14,610.50","8,636.36","25,448.09","8,771.55","19,951.58","9,684.90","14,673.34","3,829.31","26,959.87","4,549.95","12,042.89","8,166.62","3,055.74","3,750.74","10,899.43","9,086.24","3,800.75"
428,Latvia,LVA,428," 2,043,313 ",109.52,51.68,253.91,69.10,870.30,"4,817.83",369.70,16.65,37.07,812.22,6.49,20.56,16.82,10.83,5.49,4.48,4.47,41.77,54.81
430,Liberia,LBR,430," 3,756,640 ","27,465.12","1,013,834.75","162,151.65","62,081.23","1,319,192.71","13,362.47","25,200.72","3,928.73","4,931.82","20,678.75","61,734.38","18,205.47","363,202.61","4,508.28","4,811.13","49,665.00","157,923.04","88,005.83","67,823.91"
434,Libya,LBY,434," 6,000,113 ",1.48,5.12,2.05,1.89,155.78,131.64,20.29,299.32,26.62,11.47,5.81,1.43,5.20,1.37,37.00,3.21,3.82,70.96,0.11
440,Lithuania,LTU,440," 3,075,845 ","2,165.88",199.83,"1,737.97",79.98,165.12,"2,303.16",232.67,27.18,"20,635.06",577.90,21.15,85.62,264.33,39.39,107.28,12.10,"1,074.68",159.59,34.22
442,Luxembourg,LUX,442," 519,844 ",176.40,1.66,4.54,1.34,9.34,0.01,1.49,0.00,1.31,0.15,0.37,33.71,0.14,0.91,0.76,0.16,0.70,1.39,33.49
450,Madagascar,MDG,450," 20,122,967 ","1,042,245.18","2,006,507.86","1,233,772.04","1,173,377.53","2,810,908.64","1,123,552.44","1,741,381.13","1,055,546.75","1,677,934.85","926,231.19","1,338,363.53","722,073.87","1,340,704.35","1,145,616.80","1,221,989.84","861,349.24","1,067,591.95","640,356.62","703,723.60"
454,Malawi,MWI,454," 13,318,944 ","314,547.80","360,720.42","316,970.09","279,708.92","306,307.42","242,000.22","455,690.34","251,601.90","411,057.36","178,388.78","259,088.29","276,722.94","171,658.78","343,852.44","285,683.00","375,759.65","220,523.44","183,488.05","262,420.87"
458,Malaysia,MYS,458," 27,715,938 ","60,306.91","1,001,108.73","5,760.93","5,917.50","7,734.61","109,603.09","67,370.88","52,847.26","54,053.02","9,328.17","15,347.30","8,961.62","64,802.88","110,645.89","18,745.84","10,263.61","18,549.74","122,608.08","31,303.55"
462,Maldives,MDV,462," 332,147 ",0.00,0.00,0.00,0.00,0.00,0.00,0.00,0.00,0.00,0.00,0.00,0.00,0.00,0.00,0.00,0.00,0.00,0.00,0.00
466,Mali,MLI,466," 15,098,261 ","1,980,146.68","2,078,431.80","1,770,190.40","1,702,733.83","2,245,367.35","2,392,381.74","1,841,257.61","2,759,637.29","2,353,274.14","2,745,757.81","1,622,024.30","1,926,742.51","1,390,505.13","1,711,568.14","1,720,648.26","1,097,007.91","1,199,333.67","1,417,835.33","1,103,265.62"
470,Malta,MLT,470," 415,171 ",0.00,0.00,0.00,0.00,0.00,0.00,0.00,0.00,0.00,0.00,0.00,0.00,0.00,0.00,0.00,0.00,0.00,0.00,0.00
474,Martinique,MTQ,474," 398,281 ",0.01,0.04,0.02,0.02,7.18,1.52,0.00,0.00,0.00,0.43,0.24,0.00,0.00,1.46,0.00,0.00,0.00,0.00,0.00
478,Mauritania,MRT,478," 3,248,643 ","1,772.05","7,802.43","6,363.99","53,555.92","23,333.90","2,403.02",701.11,"19,338.43","6,935.09","16,837.77","51,429.81","9,612.13","14,997.06","53,065.61","13,051.65","47,934.47","17,975.92",776.19,"1,124.65"
480,Mauritius,MUS,480," 1,231,463 ",20.39,19.91,14.47,4.14,88.09,146.09,24.07,44.85,32.81,85.85,13.77,1.18,13.21,84.75,148.89,109.02,167.76,204.74,23.07
484,Mexico,MEX,484," 111,538,636 ","303,342.91","11,151,010.88","363,851.41","735,301.01","223,775.71","326,482.24","2,480,450.02","40,182.59","1,400,249.86","745,816.23","744,430.74","620,652.62","595,528.58","270,146.89","1,883,949.13","335,177.45","908,734.27","93,508.70","233,486.38"
496,Mongolia,MNG,496," 2,652,461 ","1,523,063.58","2,934,878.56","276,585.91","1,532,691.55","515,524.77","2,134,826.91","3,162,439.13","203,290.98","534,146.13","3,496,421.42","3,782,017.72","4,252,936.13","2,079,642.24","115,811.24","1,335,466.45","4,564,761.68","1,252,290.17","996,682.41","5,284,073.31"
498,Republic of Moldova,MDA,498," 3,851,475 ",322.14,839.50,664.75,"1,164.17","8,470.26",505.92,49.62,"2,712.03","1,690.88","1,217.09",748.96,"15,461.18","1,293.29",506.84,865.86,516.38,818.30,"2,797.33",917.20
499,Montenegro,MNE,499," 592,473 ",80.90,194.72,244.91,"2,151.93",230.14,18.19,214.38,9.14,8.69,187.94,"7,780.82",571.52,23.04,47.67,"3,262.29","10,065.66",103.09,45.06,"1,615.33"
500,Montserrat,MSR,500," 4,877 ",14.12,0.03,0.00,0.02,0.00,0.00,0.00,0.00,0.00,0.00,0.00,0.00,0.00,0.61,0.00,0.16,0.26,0.99,0.40
504,MoroTCo,MAR,504," 31,821,654 ",5.75,110.23,31.54,48.46,100.71,13.13,166.31,870.81,242.55,325.25,38.58,18.96,46.27,59.48,72.67,778.96,65.14,21.74,28.71
508,Mozambique,MOZ,508," 22,828,298 ","7,354,805.18","11,667,330.94","9,573,478.51","12,648,374.40","18,650,933.50","10,154,695.27","17,704,424.56","12,997,907.80","16,287,742.40","14,171,736.76","15,476,615.59","19,157,819.31","16,556,236.22","24,003,591.82","14,185,841.27","17,772,963.21","20,049,798.66","16,570,695.22","14,847,161.17"
512,Oman,OMN,512," 2,915,970 ",338.27,812.98,374.83,32.17,54.52,77.21,3.61,251.51,20.41,4.70,30.67,0.39,4.35,0.82,1.39,4.30,1.04,51.98,0.97
516,Namibia,NAM,516," 1,821,125 ","500,946.97","389,974.97","789,284.33","1,775,515.55","1,099,349.37","959,133.48","932,651.40","1,247,681.28","1,173,520.06","1,694,870.12","1,419,696.69","1,146,907.60","2,596,057.60","1,655,176.24","3,800,258.74","3,916,639.99","1,073,479.66","712,363.35","638,306.23"
520,Nauru,NRU,520," 9,936 ",0.00,0.00,0.00,0.00,0.00,0.00,0.00,0.00,0.00,0.00,0.00,0.00,0.00,0.00,0.00,0.00,0.00,0.00,0.00
524,Nepal,NPL,524," 24,837,892 ","12,655.24","10,802.97","10,986.03","18,268.32","15,746.90","1,736.36","50,372.15","1,711.19","31,723.38","14,450.61","13,257.91","49,096.57","71,764.57","43,554.44","28,187.46","97,647.53","45,307.50","52,190.74","1,803.34"
528,Netherlands,NLD,528," 16,088,260 ","1,977.77",411.00,308.17,79.89,47.25,2.69,42.32,19.26,20.14,20.01,6.03,372.44,12.68,34.53,18.54,10.41,30.17,47.19,145.55
531,Curaçao,CUW,531," 148,018 ",0.00,0.00,0.00,0.00,0.00,0.00,0.00,0.00,0.00,0.00,0.00,0.00,0.00,0.00,0.00,0.00,0.00,0.00,0.00
533,Aruba,ABW,533," 101,484 ",0.00,0.00,0.00,0.00,0.00,0.00,0.00,0.00,0.00,0.00,0.00,0.00,0.01,0.00,0.00,0.05,0.00,0.00,0.00
534,Sint Maarten (Dutch part),SXM,534, 0 ,0.00,0.00,0.00,0.00,0.00,0.00,0.00,0.00,0.00,0.00,0.00,0.00,0.00,0.00,0.00,0.00,0.00,0.00,0.00
535,Bonaire Saint Eustatius and Saba,BES,535," 18,293 ",0.00,0.00,0.00,0.00,0.00,0.00,0.00,0.00,0.00,0.00,0.00,0.00,0.00,0.00,0.03,0.03,0.00,0.03,0.00
540,New Caledonia,NCL,540," 249,185 ","15,604.00",15.67,579.28,1.50,"1,498.86","3,054.35",243.19,"1,545.90","2,324.22",827.69,56.89,22.11,228.72,170.34,342.61,26.01,190.31,283.99,117.60
548,Vanuatu,VUT,548," 239,526 ",6.20,48.50,2.24,0.64,6.80,21.03,88.22,34.53,20.72,11.09,12.05,5.76,3.94,84.04,16.00,8.20,6.45,3.87,15.52
554,New Zealand,NZL,554," 4,136,282 ","1,709.90",149.77,95.53,"1,307.25","11,440.85",362.59,332.55,149.98,363.99,"1,369.24",607.31,986.52,376.14,"4,481.48",713.06,402.20,"1,285.55",819.54,216.02
558,Nicaragua,NIC,558," 5,633,134 ","12,609.98","1,828,394.48","2,496.05","19,648.08","5,570.02","4,117.06","100,735.46","4,810.75","58,023.84","12,433.38","5,335.29","13,378.63","7,110.17","6,406.68","5,305.12","5,256.55","30,239.43","27,168.41","8,695.22"
562,Niger,NER,562," 16,335,962 ","85,123.92","51,288.58","42,576.77","99,651.85","71,977.71","122,032.11","256,800.98","52,135.32","171,794.67","69,376.37","86,450.93","66,432.42","92,718.22","124,181.53","55,874.79","91,058.85","102,893.93","66,921.95","34,665.40"
566,Nigeria,NGA,566," 157,402,893 ","5,948,136.11","3,571,868.64","3,541,247.14","4,163,188.15","3,862,488.47","6,396,257.35","4,394,633.69","3,178,229.29","7,738,095.86","3,821,547.62","3,874,507.82","3,248,112.65","2,562,735.76","2,449,313.43","1,873,918.29","1,977,905.56","1,704,316.88","1,454,055.95","2,344,041.93"
570,Niue,NIU,570," 1,478 ",0.00,0.00,0.00,0.00,0.00,0.00,0.00,0.00,0.00,0.00,0.00,0.00,0.00,0.00,0.00,0.00,0.00,0.00,0.00
574,Norfolk Island,NFK,574," 2,330 ",0.00,0.00,0.00,0.00,0.00,0.00,0.00,0.00,0.00,0.00,0.00,0.00,0.00,0.00,0.00,0.00,0.00,0.00,0.00
578,Norway,NOR,578," 4,860,213 ",39.28,77.45,25.20,63.80,28.68,39.41,23.54,17.18,96.28,464.84,10.75,"1,373.37",3.02,13.38,12.96,4.70,16.81,46.92,6.03
580,Northern Mariana Islands,MNP,580," 53,883 ",0.00,0.00,0.00,0.00,0.00,0.00,0.00,0.00,0.00,0.00,0.00,0.00,0.00,0.00,0.00,0.00,0.00,0.00,0.00
583,Micronesia (Federated States of),FSM,583," 102,843 ",0.00,0.00,0.00,0.00,0.00,0.00,0.00,0.00,0.00,0.00,0.00,0.00,0.00,0.00,0.00,0.00,0.00,0.00,0.00
584,Marshall Islands,MHL,584," 52,910 ",0.00,0.00,0.00,0.00,0.00,0.00,0.00,0.00,0.00,0.00,0.00,0.00,0.00,0.00,0.00,0.00,0.00,0.00,0.00
585,Palau,PLW,585," 21,393 ",0.00,0.00,0.00,0.00,0.00,0.00,0.00,0.00,0.00,0.00,0.00,0.00,0.00,0.00,0.00,0.00,0.00,0.00,0.00
586,Pakistan,PAK,586," 179,851,373 ","17,859.32","21,047.20","5,422.34","126,362.28",992.02,"4,116.19","9,996.79","11,830.42","18,428.00","8,950.00","9,147.42","9,022.79","37,216.78","13,664.25","16,265.44","19,637.21","27,700.66","17,724.72","14,532.23"
591,Panama,PAN,591," 3,392,947 ","2,419.82","10,328.48",427.38,"2,569.57","1,073.73",699.79,"2,685.84",494.84,872.91,"2,690.53",897.21,947.42,"2,343.47",391.68,100.50,"1,127.89","1,093.22","1,111.72","3,201.26"
598,Papua New Guinea,PNG,598," 6,859,376 ","3,731,212.69","27,985.93","43,520.36","172,328.07","82,392.21","476,297.79","617,270.83","1,509,745.38","108,497.15","301,416.80","78,899.52","168,003.99","161,373.92","152,452.58","44,179.80","60,488.92","110,002.21","323,962.72","1,300,131.75"
600,Paraguay,PRY,600," 6,814,241 ","375,904.72","239,373.03","1,402,840.74","1,596,588.05","1,261,218.87","2,133,728.73","1,100,769.19","318,198.84","1,775,210.97","840,921.56","4,776,094.88","307,719.08","194,863.71","323,511.02","385,631.98","479,335.02","514,275.33","207,281.97","93,340.38"
604,Peru,PER,604," 28,931,659 ","133,018.40","24,128.42","14,256.73","33,415.79","19,151.82","9,303.97","11,226.58","5,512.36","98,656.41","10,967.11","27,993.26","10,870.25","9,180.15","50,886.65","10,858.62","40,175.17","16,514.11","8,010.36","23,516.90"
608,Philippines,PHL,608," 92,305,042 ","42,188.61","53,992.83","10,989.72","8,803.55","5,990.11","39,551.33","22,091.77","14,094.07","31,601.26","13,043.94","12,211.72","2,539.04","19,342.18","38,190.01","5,060.74","4,874.67","6,791.29","15,403.50","24,278.34"
612,Pitcairn,PCN,612, 68 ,0.00,0.00,0.00,0.00,0.00,0.00,0.00,0.00,0.00,0.00,0.00,0.00,0.00,0.00,0.00,0.00,0.00,0.00,0.00
616,Poland,POL,616," 38,241,793 ","1,227.12",259.80,386.50,"2,830.67",635.09,"1,574.49","1,454.76",568.97,605.91,353.17,162.43,"1,701.81",153.63,503.56,104.13,171.12,139.22,227.38,903.79
620,Portugal,PRT,620," 10,531,593 ","11,046.90","50,586.91","8,035.43","62,743.40","21,709.72","15,535.80","695,219.52","13,108.56","337,868.47","38,375.18","2,083.05",414.04,"14,812.00","57,584.56","8,261.73","27,470.50","70,002.93",730.12,"6,945.09"
624,Guinea-Bissau,GNB,624," 1,641,607 ","85,679.84","137,757.14","270,450.86","234,512.33","158,729.92","329,331.57","273,977.09","86,096.83","98,512.74","243,794.47","111,452.55","90,043.77","79,148.64","116,905.54","117,180.70","224,550.65","98,419.94","132,776.70","156,751.16"
626,Timor-Leste,TLS,626," 1,175,352 ","83,410.22",455.94,"1,977.23","8,874.18","2,614.64","13,845.35","2,074.13","10,955.95","7,563.31","12,209.30","4,420.86","3,515.71","8,729.67",99.74,"1,537.42","2,428.37",535.29,"7,837.30","1,769.94"
630,Puerto Rico,PRI,630," 3,725,786 ",16.21,55.92,59.50,18.82,25.92,61.73,116.79,33.67,135.24,119.86,376.10,168.47,18.67,208.20,213.68,422.80,628.05,86.93,18.23
634,Qatar,QAT,634," 1,707,595 ",0.01,0.77,0.30,0.03,1.46,0.55,0.05,9.11,0.07,0.04,0.33,0.00,0.00,0.01,0.00,0.00,0.01,0.10,0.00
638,Réunion,REU,638," 828,515 ","1,099.08","535,442.93",467.76,524.68,"255,909.47","1,488.90","1,122.68",589.70,"1,487.52",883.01,0.42,13.77,4.87,78.28,"1,021.86",5.52,1.62,0.00,44.74
642,Romania,ROU,642," 20,277,040 ","5,910.11","6,712.31","7,301.06","18,012.66","77,667.40","2,789.51","3,921.10","26,325.80","15,288.28","19,518.93","21,896.53","91,277.72","5,911.84","19,130.39","24,102.80","55,132.38","10,412.79","9,537.10","5,392.68"
643,Russian Federation,RUS,643," 143,053,188 ","9,459,175.40","34,958,160.08","6,891,899.90","12,140,852.39","14,886,255.72","37,382,041.95","50,185,715.87","2,152,385.84","8,435,976.86","17,309,629.31","6,295,668.14","33,483,098.08","9,627,767.71","15,705,957.71","10,876,397.46","30,389,438.27","16,204,728.20","26,383,485.72","17,547,528.65"
646,Rwanda,RWA,646," 9,829,607 ","78,846.47","47,296.82","7,685.19","5,084.24",958.70,"25,554.30","5,202.74","6,086.21","2,944.33","1,713.72",268.79,531.59,521.28,"4,382.14",933.34,"5,552.53","3,461.26","3,124.33","4,057.34"
652,Saint-Barthelemy,BLM,652," 9,138 ",0.00,0.00,0.00,0.00,0.00,0.00,0.00,0.00,0.00,0.00,0.00,0.00,0.00,0.00,0.00,0.00,0.00,0.00,0.00
654,Saint Helena,SHN,654," 4,787 ",0.00,0.00,0.00,0.00,0.00,0.00,0.00,0.00,0.00,0.00,0.00,0.00,0.00,0.00,0.00,0.00,0.00,0.00,0.00
659,Saint Kitts and Nevis,KNA,659," 55,155 ",9.46,0.01,0.00,0.00,0.00,0.00,0.00,0.00,0.00,0.00,0.04,0.24,0.00,0.00,0.04,0.00,0.26,0.26,0.13
660,Anguilla,AIA,660," 80,446 ",0.00,0.00,0.00,0.00,0.00,0.00,0.00,0.00,0.00,0.00,0.00,0.00,0.00,0.00,0.00,0.00,0.00,0.00,0.00
662,Saint Lucia,LCA,662," 165,595 ",0.08,0.07,0.04,0.03,10.31,0.00,0.62,0.00,0.00,4.71,0.29,0.57,0.00,1.62,0.20,1.87,0.00,0.00,0.23
666,Saint Pierre and Miquelon,SPM,666," 6,059 ",0.00,0.00,0.00,0.00,0.00,0.00,0.00,0.00,0.00,0.00,0.00,0.00,0.00,0.00,0.00,0.00,0.00,0.00,0.00
670,Saint Vincent and the Grenadines,VCT,670," 110,191 ",0.00,0.00,0.00,0.00,0.00,0.00,0.00,0.00,0.00,0.00,0.00,0.00,0.00,0.30,0.00,0.42,0.00,0.00,0.00
678,Sao Tome and Principe,STP,678," 170,412 ",0.63,0.70,0.57,0.32,0.00,0.00,8.53,6.52,0.20,10.70,4.09,5.78,4.54,18.61,0.46,1.26,6.44,0.32,12.15
682,Saudi Arabia,SAU,682," 27,264,729 ",97.41,567.71,117.48,93.29,453.92,"1,994.27",52.38,"1,824.76",880.60,"1,098.61",819.43,13.23,78.89,41.88,148.91,13.98,16.73,302.64,16.12
686,Senegal,SEN,686," 12,018,190 ","1,055,342.14","652,191.28","1,335,931.46","1,325,819.61","1,455,581.77","1,803,089.42","762,368.55","1,370,561.41","1,494,772.60","1,731,931.67","1,189,843.91","1,248,585.03","926,252.75","1,304,530.30","1,718,450.37","756,304.11","1,100,495.57","1,190,171.61","635,149.66"
688,Serbia,SRB,688," 7,312,254 ","3,521.90",894.00,"3,755.65","16,181.86","3,554.52","1,854.66","2,899.73","5,683.58","1,109.59","2,934.11","20,516.97","6,823.77","12,201.75","1,191.88","11,562.09","52,389.00","1,101.99",354.15,305.38
690,Seychelles,SYC,690," 90,945 ",0.00,0.00,0.00,0.00,0.00,0.00,0.00,0.00,0.00,0.00,0.00,0.00,0.00,0.00,0.00,0.00,0.00,0.00,0.07
694,Sierra Leone,SLE,694," 5,634,470 ","600,548.44","5,621,167.49","1,174,810.79","930,067.07","513,181.68","770,488.00","927,426.44","279,848.33","211,564.77","328,884.34","1,007,624.47","554,533.63","1,091,162.62","145,778.82","226,044.33","844,496.10","1,072,167.88","941,212.22","409,754.27"
702,Singapore,SGP,702," 3,493,484 ",1.65,6.12,0.08,0.05,0.05,0.16,0.73,503.54,0.05,0.18,0.08,0.39,0.20,0.89,0.34,0.16,0.58,0.60,0.15
703,Slovakia,SVK,703," 5,438,923 ",127.35,60.78,32.19,51.47,431.16,503.54,156.31,408.62,331.80,164.44,211.27,268.79,41.25,33.46,45.09,360.97,40.36,119.84,87.15
704,Viet Nam,VNM,704," 86,621,033 ","123,427.37","660,615.32","247,013.76","263,547.27","242,589.39","869,981.58","544,998.20","859,596.10","702,416.96","535,237.04","876,938.18","89,502.73","437,589.15","578,871.04","341,983.14","600,042.14","536,006.80","677,032.96","769,775.75"
705,Slovenia,SVN,705," 2,234,140 ",39.62,8.18,3.55,44.08,31.04,1.25,10.00,22.98,22.09,39.81,1.02,246.36,2.29,3.69,17.07,25.54,19.19,6.04,77.65
706,Somalia,SOM,706," 8,609,729 ","2,367.95","9,071.21","5,915.72","1,469.48","26,178.21","4,167.28","8,392.46","4,474.69","4,439.39",289.98,"1,589.09","2,235.44",342.57,"1,118.14",318.05,"1,053.34","1,272.95",885.80,236.89
710,South Africa,ZAF,710," 51,238,673 ","1,685,275.58","4,844,809.26","4,675,962.16","1,569,763.85","1,188,151.91","961,162.69","435,957.61","504,624.52","976,734.82","460,790.79","1,029,516.34","588,218.45","604,947.52","672,282.63","554,546.61","527,916.84","511,988.58","878,415.84","324,630.37"
716,Zimbabwe,ZWE,716," 12,711,017 ","1,773,000.74","1,683,812.79","1,887,976.48","724,566.01","853,099.28","608,495.47","419,566.39","933,684.04","536,459.14","623,240.77","656,423.17","1,083,380.83","1,090,692.70","1,037,278.32","1,153,329.41","691,899.00","464,973.22","581,412.11","877,962.92"
724,Spain,ESP,724," 46,115,589 ","31,522.93","46,604.45","7,151.35","2,254,773.98","17,439.97","13,643.48","61,696.75","32,968.90","70,073.67","164,349.35","7,787.56","2,497.82","14,893.98","11,159.85","23,914.25","118,908.78","8,389.15","3,365.69","16,993.76"
728,South Sudan,SSD,728," 8,973,874 ","27,888,069.98","22,186,236.91","20,673,705.86","27,301,316.51","17,310,904.05","27,503,414.03","28,094,720.55","27,142,436.74","33,039,412.40","18,206,934.37","28,176,072.70","31,127,323.66","28,851,187.68","21,092,337.30","28,846,768.23","23,317,264.14","24,717,435.04","30,944,098.84","24,540,259.42"
729,Sudan,SDN,729," 32,537,411 ",0.00,"1,288,035.00","1,928,411.81","2,089,160.36",0.00,"1,701,492.61","1,512,115.16","1,841,646.10","2,098,363.91","1,422,496.65","1,920,682.35","1,450,620.43","1,293,009.89","889,466.64","1,338,253.70","1,366,333.88","1,130,746.55","1,161,780.42","901,440.65"
732,Western Sahara,ESH,732," 472,565 ",0.04,0.00,0.00,0.00,0.00,0.00,0.00,0.00,0.00,0.00,0.01,0.00,0.00,0.00,0.00,0.00,0.00,0.03,0.00
740,Suriname,SUR,740," 546,857 ","12,879.76","35,229.24","2,147.19",74.23,"1,182.80","4,741.30","8,814.53","6,212.63","1,802.52","19,104.41","1,535.48","3,820.16","35,882.54",697.78,594.57,"42,140.29","4,995.37","10,133.68","21,769.32"
744,Svalbard and Jan Mayen Islands,SJM,744," 2,529 ",0.00,0.00,0.00,1.97,0.00,0.00,0.00,0.00,0.00,0.00,0.00,0.00,0.00,0.00,0.00,0.00,0.00,0.00,0.00
748,Swaziland,SWZ,748," 1,069,233 ","20,883.88","584,122.16","216,188.08","9,561.05","15,073.36","43,134.28","10,710.06","18,748.28","10,604.77","2,635.59","39,648.72","27,597.09","4,680.09","10,185.28","6,942.57","10,800.66","13,105.16","14,482.01","2,240.54"
752,Sweden,SWE,752," 9,479,430 ","1,075.72","1,441.69",564.25,80.79,96.40,160.49,106.20,32.68,76.38,"3,474.03",61.72,255.83,61.61,14.53,21.19,12.24,32.20,"38,709.81",37.91
756,Switzerland,CHE,756," 6,872,128 ",96.92,2.19,87.29,4.26,9.37,41.08,14.66,15.12,1.81,5.96,2.11,21.55,3.54,2.46,2.28,1.21,4.51,5.73,15.27
760,Syrian Arab Republic,SYR,760," 20,662,403 ",147.23,462.32,232.94,115.02,666.94,978.97,"1,228.20","8,749.64",330.87,158.69,"1,205.78",37.87,"1,641.64","4,455.85",648.95,"3,752.73","2,923.40",975.86,"6,760.77"
762,Tajikistan,TJK,762," 7,761,042 ","2,630.58",473.29,842.89,215.13,50.53,203.08,221.18,"9,575.37",69.38,120.15,135.11,31.46,13.70,57.17,45.20,13.09,93.80,87.27,31.69
764,Thailand,THA,764," 66,111,510 ","711,308.33","1,088,658.86","1,040,881.89","524,036.01","247,871.34","422,086.85","375,626.90","536,563.66","840,395.95","357,451.74","1,775,255.20","652,701.11","565,910.34","677,294.90","169,660.26","567,995.86","338,588.21","782,141.80","715,880.69"
768,Togo,TGO,768," 5,606,734 ","1,250,805.57","1,425,016.54","830,826.61","690,445.33","753,130.90","1,127,559.41","1,089,776.36","441,292.84","2,047,651.82","836,473.20","485,864.88","1,321,907.40","892,966.80","787,108.39","1,276,584.78","578,221.85","565,412.03","360,049.76","1,140,404.51"
772,Tokelau,TKL,772," 1,422 ",0.00,0.00,0.00,0.00,0.00,0.00,0.00,0.00,0.00,0.00,0.00,0.00,0.00,0.00,0.00,0.00,0.00,0.00,0.00
776,Tonga,TON,776," 102,967 ",0.00,0.00,0.00,0.00,0.00,0.00,0.00,0.00,0.00,0.00,0.00,0.00,0.00,0.00,0.00,0.00,0.00,0.00,0.00
780,Trinidad and Tobago,TTO,780," 1,319,783 ",272.19,125.18,121.75,78.85,97.11,18.68,637.83,4.81,195.47,26.27,545.08,77.93,83.20,"1,976.77",25.20,15.00,323.68,320.49,312.39
784,United Arab Emirates,ARE,784," 5,211,711 ",0.06,57.63,61.70,0.09,164.07,100.89,0.55,237.73,0.26,0.29,0.73,0.02,0.17,4.73,0.44,0.52,0.70,17.21,4.50
788,Tunisia,TUN,788," 10,534,933 ",5.95,139.66,657.22,"11,838.79",2.10,8.02,36.84,119.97,10.22,2.20,14.86,55.20,7.05,160.68,210.58,311.28,385.15,371.25,65.40
792,Turkey,TUR,792," 73,968,230 ","6,852.15","27,851.30","14,050.59","20,424.39","64,381.36","24,147.19","28,896.06","29,594.96","23,828.01","23,736.57","29,805.64","29,919.94","119,102.19","43,281.89","78,121.56","54,695.54","66,462.60","54,838.69","162,866.37"
795,Turkmenistan,TKM,795," 7,703,844 ",455.53,"1,498.01","32,558.43",891.91,715.38,"9,441.03","28,674.57","75,391.32","2,176.84",379.30,"33,551.29",170.50,"5,345.91","25,784.35",209.71,756.92,"1,492.30",208.34,"5,727.03"
796,Turks and Caicos Islands,TCA,796," 28,341 ",0.00,0.00,0.00,0.00,0.00,0.00,0.00,0.00,0.02,0.00,0.00,0.00,2.15,0.00,0.00,0.00,0.00,0.00,0.00
798,Tuvalu,TUV,798," 10,488 ",0.00,0.00,0.00,0.00,0.00,0.00,0.00,0.00,0.00,0.00,0.00,0.00,0.00,0.00,0.00,0.00,0.00,0.00,0.00
800,Uganda,UGA,800," 31,352,750 ","4,379,240.32","2,612,742.67","1,469,533.39","2,472,895.24","1,572,470.59","2,103,698.90","3,475,805.80","2,152,017.76","7,972,289.30","400,485.59","3,826,290.81","4,035,001.71","1,034,812.92","2,471,973.42","1,148,334.99","2,681,559.41","1,957,505.04","1,229,407.29","1,394,290.31"
804,Ukraine,UKR,804," 46,029,390 ","33,961.84","127,790.15","61,022.32","30,233.35","347,452.93","123,365.90","9,728.79","93,830.43","135,816.80","109,319.85","158,226.68","552,474.27","134,820.35","34,774.14","44,973.73","62,087.76","20,137.93","192,073.03","155,986.38"
807,The former Yugoslav Republic of Macedonia,MKD,807," 1,935,942 ",92.03,130.52,103.35,"62,944.84",611.82,100.53,133.40,359.28,129.52,212.67,"12,753.02",970.34,30.18,227.85,951.82,"1,622.85",948.27,91.58,214.08
818,Egypt,EGY,818," 78,455,715 ","1,412.18","9,703.74","3,667.05",17.91,605.18,"2,368.15","1,373.11","4,244.88","6,481.21","14,481.09","15,472.06","4,373.26","9,319.85","8,402.94","10,367.77","7,734.98","26,198.50","15,678.15","6,599.00"
826,United Kingdom of Great Britain and Northern Ireland,GBR,826," 62,697,714 ","3,757.06","1,046.02","1,569.62",371.75,217.04,207.08,"1,564.05",359.06,351.76,258.26,431.74,853.67,92.88,168.26,512.43,56.34,114.57,178.82,279.75
831,Guernsey,GGY,831," 64,656 ",0.00,0.00,0.00,0.00,0.00,0.00,0.00,0.00,0.00,0.00,0.00,0.00,0.00,0.00,0.00,0.00,0.00,0.00,0.00
832,Jersey,JEY,832," 96,632 ",0.00,0.00,0.00,0.00,0.00,0.00,0.00,0.00,0.00,0.00,0.00,0.00,0.00,0.00,0.00,0.00,0.00,0.00,0.00
833,Isle of Man,IMN,833," 83,572 ",0.00,0.00,0.00,4.42,0.00,0.00,0.00,0.00,0.00,0.00,0.04,0.00,0.00,0.00,0.00,0.00,0.00,0.00,0.00
834,United Republic of Tanzania,TZA,834," 42,673,001 ","7,423,195.23","11,555,781.15","6,051,627.66","6,506,626.66","10,352,748.45","6,781,797.26","10,716,849.67","4,366,828.09","10,364,787.59","5,713,589.35","7,764,128.89","6,772,810.30","8,876,766.28","9,627,901.89","7,702,449.29","8,057,544.84","7,543,492.17","5,870,989.47","7,862,057.02"
840,United States of America,USA,840," 309,082,351 ","824,436.36","402,284.32","2,488,544.55","2,616,939.56","380,521.18","5,727,710.96","2,023,339.43","3,350,558.83","5,805,368.16","1,870,464.91","4,522,026.35","1,552,102.15","7,245,977.32","936,569.28","2,871,050.73","3,589,256.89","3,591,919.84","2,676,599.18","11,016,637.06"
850,United States Virgin Islands,VIR,850," 105,338 ",0.00,0.00,0.00,0.00,0.00,0.00,0.00,0.00,0.00,0.00,0.00,0.00,0.00,0.00,0.00,0.00,0.00,0.00,0.00
854,Burkina Faso,BFA,854," 16,154,789 ","894,310.75","686,953.09","577,648.54","1,705,478.93","999,186.66","1,323,794.02","1,016,715.31","973,798.59","1,052,935.21","879,347.32","849,925.80","670,996.18","865,081.24","811,269.04","710,678.32","438,773.84","629,580.08","516,530.28","320,062.55"
858,Uruguay,URY,858," 3,163,183 ",50.45,140.21,478.49,"2,338.44",48.08,263.32,275.86,891.05,"2,800.17",785.90,309.36,718.79,647.34,554.24,457.94,773.41,256.52,147.17,426.47
860,Uzbekistan,UZB,860," 27,314,265 ","4,534.88","3,478.62","4,394.70","5,964.70","10,067.71","2,371.68","1,463.24","55,997.31","5,743.20","2,182.62","1,862.37","1,198.21","3,746.20",352.02,"1,907.15","2,588.69","2,065.32","3,513.80","3,039.51"
862,Venezuela (Bolivarian Republic of),VEN,862," 26,548,410 ","294,348.04","457,599.87","166,624.30","425,499.04","701,650.55","314,133.96","1,145,330.64","444,758.35","543,049.52","348,391.20","712,459.48","503,002.42","407,020.95","732,003.56","185,625.43","162,090.74","426,391.41","568,101.18","371,319.29"
876,Wallis and Futuna Islands,WLF,876," 12,894 ",0.00,0.00,0.00,0.00,0.00,0.00,0.00,0.00,0.00,0.00,0.00,0.00,0.00,0.00,0.00,0.00,0.00,0.00,0.00
882,Western Samoa,WSM,882," 186,584 ",0.00,0.00,0.00,0.00,0.00,0.00,0.00,0.00,0.00,0.00,0.00,0.00,0.00,0.00,0.00,0.00,0.00,0.00,0.00
887,Yemen,YEM,887," 23,090,573 ",0.05,1.41,0.05,0.03,1.22,18.69,3.48,531.56,2.58,5.49,2.33,0.89,6.52,1.68,3.89,5.85,1.14,2.28,1.25
894,Zambia,ZMB,894," 13,066,182 ","15,891,007.59","18,721,067.31","13,024,657.32","17,404,643.30","19,030,159.09","15,861,873.45","19,288,825.14","18,179,317.58","20,419,665.67","17,750,674.22","17,523,455.58","20,480,867.34","15,864,651.63","19,891,500.39","19,910,817.37","17,217,021.04","19,218,360.05","18,493,281.86","19,171,957.64"
999,Kosovo,KOS,999," 1,717,573 ",0.00,372.46,80.99,"7,791.90",0.00,5.64,108.16,127.19,103.07,23.19,"3,875.49",221.17,48.13,94.52,"3,508.84","1,472.27",774.56,325.70,134.94
